{
  "results": [
    {
      "command": "./omp 2000000 6",
      "mean": 0.028105431880000004,
      "stddev": 0.0019933664437394418,
      "median": 0.027533081,
      "user": 0.06722423999999999,
      "system": 0.009556670000000001,
      "min": 0.025170963,
      "max": 0.035617757,
      "times": [
        0.029781104000000003,
        0.029202124000000003,
        0.031472641,
        0.026149014,
        0.026871445,
        0.026731731,
        0.028157958,
        0.030692200000000003,
        0.029826279,
        0.030341410000000003,
        0.026899528000000002,
        0.028692074,
        0.025968154,
        0.035617757,
        0.0318338,
        0.029108026000000002,
        0.029342759000000003,
        0.028332857000000003,
        0.028969506000000003,
        0.031571095,
        0.026668293000000003,
        0.026964861000000003,
        0.026398655,
        0.025858427000000003,
        0.025936614,
        0.026979468000000003,
        0.029107867000000003,
        0.030631084000000003,
        0.025637801,
        0.026791645000000003,
        0.031069331000000002,
        0.027761711,
        0.026756989000000002,
        0.028948226,
        0.026952618,
        0.02840341,
        0.026824827000000002,
        0.029035250000000002,
        0.030361668,
        0.026485418,
        0.026103429,
        0.028120688,
        0.025386118000000003,
        0.025851585000000003,
        0.029193418000000002,
        0.027563018,
        0.029711414000000002,
        0.027503144,
        0.026978647,
        0.028141277000000003,
        0.02579089,
        0.029514813,
        0.031050354000000002,
        0.026308245,
        0.025723212000000002,
        0.029010805,
        0.026361936000000002,
        0.025671956000000003,
        0.027276568,
        0.025170963,
        0.026694291000000002,
        0.028500643000000003,
        0.027491613,
        0.027633902000000002,
        0.032458437,
        0.029234736,
        0.030426681,
        0.030129391000000002,
        0.034209174,
        0.026845597000000002,
        0.02689476,
        0.029716964000000002,
        0.028526622,
        0.025740696,
        0.028393713,
        0.026811953000000003,
        0.029069565000000002,
        0.027779956,
        0.026590216000000003,
        0.026764975000000003,
        0.029615073000000002,
        0.026808868000000003,
        0.026406881,
        0.029475399000000003,
        0.027072614000000002,
        0.026342690000000002,
        0.029465932,
        0.026907714000000003,
        0.027443613000000002,
        0.026129108,
        0.026741721000000003,
        0.030402105000000002,
        0.026153654000000002,
        0.026917622000000002,
        0.027835892,
        0.030903178000000003,
        0.027161892,
        0.026118738000000002,
        0.030612291000000003,
        0.026546213000000003
      ],
      "exit_codes": [
        0,
        0,
        0,
        0,
        0,
        0,
        0,
        0,
        0,
        0,
        0,
        0,
        0,
        0,
        0,
        0,
        0,
        0,
        0,
        0,
        0,
        0,
        0,
        0,
        0,
        0,
        0,
        0,
        0,
        0,
        0,
        0,
        0,
        0,
        0,
        0,
        0,
        0,
        0,
        0,
        0,
        0,
        0,
        0,
        0,
        0,
        0,
        0,
        0,
        0,
        0,
        0,
        0,
        0,
        0,
        0,
        0,
        0,
        0,
        0,
        0,
        0,
        0,
        0,
        0,
        0,
        0,
        0,
        0,
        0,
        0,
        0,
        0,
        0,
        0,
        0,
        0,
        0,
        0,
        0,
        0,
        0,
        0,
        0,
        0,
        0,
        0,
        0,
        0,
        0,
        0,
        0,
        0,
        0,
        0,
        0,
        0,
        0,
        0,
        0
      ]
    }
  ]
}
