{
  "results": [
    {
      "command": "./omp 2000000 3",
      "mean": 0.03580322662000002,
      "stddev": 0.0021824879141195755,
      "median": 0.035386338,
      "user": 0.057463770000000004,
      "system": 0.010088030000000001,
      "min": 0.032354935,
      "max": 0.042646905000000006,
      "times": [
        0.034347577000000004,
        0.039079547,
        0.036172452,
        0.035413995000000004,
        0.033556897,
        0.035492993,
        0.035626665,
        0.035163172,
        0.035458698000000004,
        0.034190922000000006,
        0.034158501,
        0.035043097,
        0.036930099,
        0.037051778,
        0.035478045,
        0.037418498,
        0.037917478000000004,
        0.033214413000000005,
        0.035414806,
        0.033941200000000005,
        0.038239053,
        0.034217621000000004,
        0.033675811,
        0.034016964000000004,
        0.034671837000000004,
        0.036727859,
        0.033002364,
        0.033457229000000005,
        0.033870848,
        0.034593569000000005,
        0.034260293000000004,
        0.033017252000000004,
        0.037485636,
        0.03518824,
        0.034740758000000004,
        0.033624355,
        0.036103983,
        0.032866338,
        0.038330467,
        0.033385775,
        0.036453924000000006,
        0.036855971,
        0.033847675,
        0.035129378,
        0.032354935,
        0.035358681,
        0.036665311,
        0.032649409000000004,
        0.033705128,
        0.040103565,
        0.036172092,
        0.034052772,
        0.038547455,
        0.03565062,
        0.037784989000000005,
        0.034595413000000005,
        0.033513647,
        0.040631669,
        0.042646905000000006,
        0.037586075000000004,
        0.037725848,
        0.039176299000000005,
        0.035772280000000004,
        0.034334532,
        0.034793597,
        0.038120031000000006,
        0.038108228,
        0.036149941000000005,
        0.034620582000000004,
        0.03787005,
        0.032699644,
        0.036801698,
        0.032988639,
        0.037702475,
        0.039131044000000004,
        0.040707933,
        0.040020089,
        0.033994071,
        0.039449064000000006,
        0.034660596,
        0.037035589,
        0.035001689,
        0.035315289,
        0.03616499,
        0.034348619000000004,
        0.033830223,
        0.035929857,
        0.033093326,
        0.035692871,
        0.034263489,
        0.038800924,
        0.037354811,
        0.034822091,
        0.036904922,
        0.035060349000000005,
        0.034875773,
        0.041384488000000004,
        0.033552450000000004,
        0.033863886,
        0.037347686000000005
      ],
      "exit_codes": [
        0,
        0,
        0,
        0,
        0,
        0,
        0,
        0,
        0,
        0,
        0,
        0,
        0,
        0,
        0,
        0,
        0,
        0,
        0,
        0,
        0,
        0,
        0,
        0,
        0,
        0,
        0,
        0,
        0,
        0,
        0,
        0,
        0,
        0,
        0,
        0,
        0,
        0,
        0,
        0,
        0,
        0,
        0,
        0,
        0,
        0,
        0,
        0,
        0,
        0,
        0,
        0,
        0,
        0,
        0,
        0,
        0,
        0,
        0,
        0,
        0,
        0,
        0,
        0,
        0,
        0,
        0,
        0,
        0,
        0,
        0,
        0,
        0,
        0,
        0,
        0,
        0,
        0,
        0,
        0,
        0,
        0,
        0,
        0,
        0,
        0,
        0,
        0,
        0,
        0,
        0,
        0,
        0,
        0,
        0,
        0,
        0,
        0,
        0,
        0
      ]
    }
  ]
}
