{
  "results": [
    {
      "command": "./omp 2000000 8",
      "mean": 0.029292183749999996,
      "stddev": 0.0014000471692037098,
      "median": 0.0291018245,
      "user": 0.09463736000000005,
      "system": 0.009969839999999999,
      "min": 0.027021260000000002,
      "max": 0.034643427000000004,
      "times": [
        0.028646651000000002,
        0.028431045000000002,
        0.033791602000000004,
        0.029116817000000003,
        0.027769951,
        0.028924905,
        0.029815112,
        0.031937389000000004,
        0.030543825000000004,
        0.033081484,
        0.030028044,
        0.028583582000000003,
        0.028295951000000003,
        0.029696068000000003,
        0.028395398000000002,
        0.030981960000000003,
        0.027697895,
        0.028536675,
        0.030344269000000004,
        0.029342513,
        0.029962521000000002,
        0.028956074000000002,
        0.028469889,
        0.027021260000000002,
        0.028226340000000003,
        0.029201187000000003,
        0.028988095000000002,
        0.029465103000000003,
        0.029192460000000003,
        0.029535496,
        0.028634389000000003,
        0.028574126000000002,
        0.029746323,
        0.027345101,
        0.029368201000000003,
        0.028467665000000003,
        0.027198103,
        0.034643427000000004,
        0.029923457,
        0.030650226000000003,
        0.028535192,
        0.029307015000000002,
        0.027277444,
        0.028830578000000003,
        0.029114623000000003,
        0.030428519,
        0.030098797000000004,
        0.027632351000000003,
        0.030493671000000003,
        0.028877156,
        0.028367346,
        0.028934775000000003,
        0.029072735000000002,
        0.028109701,
        0.029906074,
        0.032284815,
        0.027495825,
        0.027953987000000003,
        0.027869729000000003,
        0.027319793000000002,
        0.02912344,
        0.028023319,
        0.028520975,
        0.029646555,
        0.029642738000000002,
        0.028460042,
        0.030975930000000002,
        0.030458214,
        0.028673713000000003,
        0.029941141,
        0.028937220000000003,
        0.031461514,
        0.028685967000000003,
        0.028444702000000002,
        0.027924382,
        0.027776553000000002,
        0.02878883,
        0.031391121,
        0.027861223,
        0.028234326,
        0.030494212000000003,
        0.028090034000000003,
        0.031159415000000003,
        0.030586126,
        0.029474702000000002,
        0.030649504,
        0.029660893,
        0.030039726000000003,
        0.027565056,
        0.02917573,
        0.029645163000000002,
        0.027457784000000002,
        0.029816376000000002,
        0.030376491000000002,
        0.027682798,
        0.029089026,
        0.031006958,
        0.030872845000000003,
        0.028122535,
        0.029840391
      ],
      "exit_codes": [
        0,
        0,
        0,
        0,
        0,
        0,
        0,
        0,
        0,
        0,
        0,
        0,
        0,
        0,
        0,
        0,
        0,
        0,
        0,
        0,
        0,
        0,
        0,
        0,
        0,
        0,
        0,
        0,
        0,
        0,
        0,
        0,
        0,
        0,
        0,
        0,
        0,
        0,
        0,
        0,
        0,
        0,
        0,
        0,
        0,
        0,
        0,
        0,
        0,
        0,
        0,
        0,
        0,
        0,
        0,
        0,
        0,
        0,
        0,
        0,
        0,
        0,
        0,
        0,
        0,
        0,
        0,
        0,
        0,
        0,
        0,
        0,
        0,
        0,
        0,
        0,
        0,
        0,
        0,
        0,
        0,
        0,
        0,
        0,
        0,
        0,
        0,
        0,
        0,
        0,
        0,
        0,
        0,
        0,
        0,
        0,
        0,
        0,
        0,
        0
      ]
    }
  ]
}
