{
  "results": [
    {
      "command": "./omp 2000000 4",
      "mean": 0.03157665231000001,
      "stddev": 0.0018185004654254888,
      "median": 0.0312323135,
      "user": 0.05983174999999999,
      "system": 0.01013795,
      "min": 0.028644160000000002,
      "max": 0.037240517,
      "times": [
        0.030734104,
        0.030637242000000002,
        0.030424241,
        0.035906344,
        0.031612018,
        0.03156593,
        0.034753503000000005,
        0.034000124,
        0.037240517,
        0.032557357,
        0.030105902,
        0.035062545,
        0.035284753,
        0.030098258000000003,
        0.031828466,
        0.032240141,
        0.034301392,
        0.030686725,
        0.032140854,
        0.030850735,
        0.030345203,
        0.031516678,
        0.031591149,
        0.031486191000000004,
        0.030234525,
        0.031076961000000004,
        0.032586122,
        0.031020905,
        0.029997858000000002,
        0.030787204000000002,
        0.029604608,
        0.031829107,
        0.034829426000000004,
        0.031785545000000005,
        0.032566636,
        0.029667857000000002,
        0.030621883000000003,
        0.037128937,
        0.029633704,
        0.032242616,
        0.029409380000000002,
        0.03351453,
        0.029677506000000003,
        0.032970176000000004,
        0.034189031,
        0.029895075000000004,
        0.030650868,
        0.030128915000000003,
        0.031052194,
        0.030052873,
        0.033581036,
        0.030360732,
        0.029972772,
        0.029754391,
        0.028882699,
        0.031204531,
        0.036633565,
        0.030958228,
        0.033395537,
        0.031528401000000005,
        0.031069808,
        0.031271898,
        0.033179730000000004,
        0.031393857000000004,
        0.034413064,
        0.031260096,
        0.030999224000000002,
        0.029102673000000003,
        0.029817248,
        0.033677178,
        0.029883704,
        0.030908193,
        0.030404826000000003,
        0.028644160000000002,
        0.02887276,
        0.03168742,
        0.032051316,
        0.032742848000000005,
        0.030350353000000004,
        0.029731598,
        0.029942846000000002,
        0.033212002000000004,
        0.031424285,
        0.032193093,
        0.03174022,
        0.031666411000000005,
        0.031880425000000004,
        0.029947344,
        0.031512691,
        0.033749485,
        0.030389818000000002,
        0.030572571000000003,
        0.031057695000000003,
        0.030233072000000003,
        0.031278771000000004,
        0.031298859000000005,
        0.031163414,
        0.029197632,
        0.032192312,
        0.031153625
      ],
      "exit_codes": [
        0,
        0,
        0,
        0,
        0,
        0,
        0,
        0,
        0,
        0,
        0,
        0,
        0,
        0,
        0,
        0,
        0,
        0,
        0,
        0,
        0,
        0,
        0,
        0,
        0,
        0,
        0,
        0,
        0,
        0,
        0,
        0,
        0,
        0,
        0,
        0,
        0,
        0,
        0,
        0,
        0,
        0,
        0,
        0,
        0,
        0,
        0,
        0,
        0,
        0,
        0,
        0,
        0,
        0,
        0,
        0,
        0,
        0,
        0,
        0,
        0,
        0,
        0,
        0,
        0,
        0,
        0,
        0,
        0,
        0,
        0,
        0,
        0,
        0,
        0,
        0,
        0,
        0,
        0,
        0,
        0,
        0,
        0,
        0,
        0,
        0,
        0,
        0,
        0,
        0,
        0,
        0,
        0,
        0,
        0,
        0,
        0,
        0,
        0,
        0
      ]
    }
  ]
}
