{
  "results": [
    {
      "command": "./omp 2000000 7",
      "mean": 0.029394792620000002,
      "stddev": 0.0017141803753962515,
      "median": 0.028949876500000003,
      "user": 0.08395079000000003,
      "system": 0.009593369999999995,
      "min": 0.027045204000000003,
      "max": 0.034033214,
      "times": [
        0.029891384000000003,
        0.031384276,
        0.029514224000000002,
        0.028007836,
        0.031600583,
        0.031332668,
        0.027806988,
        0.031150514,
        0.028557793,
        0.027817498000000003,
        0.027709154000000003,
        0.027239810000000003,
        0.030672285,
        0.027790017,
        0.029728457000000003,
        0.028549477,
        0.028348278,
        0.0278077,
        0.028064273,
        0.028137480000000003,
        0.028636030000000003,
        0.027607743,
        0.030341302,
        0.028199698000000002,
        0.027761874000000002,
        0.032908557000000005,
        0.029114771,
        0.029822685,
        0.030057857,
        0.027589138000000003,
        0.027977250000000002,
        0.030082374000000002,
        0.029976003,
        0.030858965000000002,
        0.027933547000000003,
        0.028389316,
        0.027479171,
        0.028156677,
        0.027338085,
        0.028015882000000002,
        0.029282888000000003,
        0.028724046000000003,
        0.027366068,
        0.028414693,
        0.028688058000000002,
        0.032387726,
        0.03339359,
        0.032406341000000005,
        0.028949270000000003,
        0.032167331,
        0.029038458000000003,
        0.028950483000000003,
        0.029216093000000002,
        0.0297561,
        0.030080451,
        0.028613618,
        0.027233069000000002,
        0.028106203000000003,
        0.030671974,
        0.033793644000000005,
        0.031623858000000005,
        0.027081923,
        0.029534753,
        0.027770951000000002,
        0.028708226000000003,
        0.027045204000000003,
        0.027480814000000003,
        0.031362585000000005,
        0.034033214,
        0.030248838000000004,
        0.028275301000000003,
        0.030487618,
        0.028523097,
        0.028590735000000003,
        0.030932114000000004,
        0.028610372000000002,
        0.027294604,
        0.027420040000000003,
        0.029483587000000002,
        0.030642078000000003,
        0.028463796000000003,
        0.032540834000000005,
        0.030352033,
        0.031060677000000002,
        0.028199478,
        0.030834251000000003,
        0.027339198000000002,
        0.027470465000000003,
        0.028767358000000003,
        0.029365595,
        0.030578690000000002,
        0.031865633000000004,
        0.027760071,
        0.030241764,
        0.029027919000000003,
        0.032474269,
        0.028686025,
        0.029449232000000002,
        0.033007364000000004,
        0.030246974000000003
      ],
      "exit_codes": [
        0,
        0,
        0,
        0,
        0,
        0,
        0,
        0,
        0,
        0,
        0,
        0,
        0,
        0,
        0,
        0,
        0,
        0,
        0,
        0,
        0,
        0,
        0,
        0,
        0,
        0,
        0,
        0,
        0,
        0,
        0,
        0,
        0,
        0,
        0,
        0,
        0,
        0,
        0,
        0,
        0,
        0,
        0,
        0,
        0,
        0,
        0,
        0,
        0,
        0,
        0,
        0,
        0,
        0,
        0,
        0,
        0,
        0,
        0,
        0,
        0,
        0,
        0,
        0,
        0,
        0,
        0,
        0,
        0,
        0,
        0,
        0,
        0,
        0,
        0,
        0,
        0,
        0,
        0,
        0,
        0,
        0,
        0,
        0,
        0,
        0,
        0,
        0,
        0,
        0,
        0,
        0,
        0,
        0,
        0,
        0,
        0,
        0,
        0,
        0
      ]
    }
  ]
}
