{
  "results": [
    {
      "command": "./omp 2000000 2",
      "mean": 0.043464206260000034,
      "stddev": 0.0018730724806747502,
      "median": 0.042986751000000004,
      "user": 0.05380847000000002,
      "system": 0.010936270000000001,
      "min": 0.040644952000000005,
      "max": 0.048864386,
      "times": [
        0.046966042,
        0.043262538,
        0.04270592,
        0.041478118,
        0.043144566,
        0.043699362000000005,
        0.044183763,
        0.048864386,
        0.043420145,
        0.044254316,
        0.047345236000000006,
        0.041663888,
        0.043558426000000004,
        0.042278465,
        0.045607193000000004,
        0.042788746,
        0.044205956000000005,
        0.048614226,
        0.042599701000000004,
        0.042382593,
        0.041936252,
        0.043783961,
        0.045605961,
        0.048475514000000004,
        0.04181287,
        0.042133633000000004,
        0.041317757000000004,
        0.044854176,
        0.042837228000000005,
        0.044489599000000005,
        0.043636223,
        0.042324292,
        0.043998735000000004,
        0.041812098000000006,
        0.042343619000000006,
        0.040978689000000006,
        0.041688936,
        0.04324712,
        0.045446722,
        0.042819846,
        0.043489006000000004,
        0.042273107000000004,
        0.045056578,
        0.042310397,
        0.046974188,
        0.043350104,
        0.041941082000000005,
        0.042474967,
        0.042692557000000006,
        0.042712504000000005,
        0.044856851,
        0.042018908,
        0.043803638000000006,
        0.04128682,
        0.042398783,
        0.043476773,
        0.042842689,
        0.041445489,
        0.043148395000000006,
        0.047282469,
        0.042774751,
        0.046100864000000005,
        0.045529098000000004,
        0.041724104000000005,
        0.041187453000000006,
        0.042541863,
        0.045545609,
        0.041795237000000006,
        0.043325449,
        0.042697216,
        0.043389399,
        0.044973983,
        0.04153118,
        0.042966543,
        0.046882156,
        0.040644952000000005,
        0.045603098,
        0.04261997,
        0.044937644000000006,
        0.042203577000000006,
        0.042799729,
        0.043738035,
        0.044391807000000005,
        0.043006959000000004,
        0.043716665,
        0.042456714,
        0.040916282000000005,
        0.041594330000000006,
        0.043029622000000003,
        0.04113241,
        0.043450885,
        0.040959405000000004,
        0.044782111,
        0.041665013,
        0.046410088,
        0.04220004,
        0.041641158000000005,
        0.044482147,
        0.042461793000000005,
        0.048209165000000005
      ],
      "exit_codes": [
        0,
        0,
        0,
        0,
        0,
        0,
        0,
        0,
        0,
        0,
        0,
        0,
        0,
        0,
        0,
        0,
        0,
        0,
        0,
        0,
        0,
        0,
        0,
        0,
        0,
        0,
        0,
        0,
        0,
        0,
        0,
        0,
        0,
        0,
        0,
        0,
        0,
        0,
        0,
        0,
        0,
        0,
        0,
        0,
        0,
        0,
        0,
        0,
        0,
        0,
        0,
        0,
        0,
        0,
        0,
        0,
        0,
        0,
        0,
        0,
        0,
        0,
        0,
        0,
        0,
        0,
        0,
        0,
        0,
        0,
        0,
        0,
        0,
        0,
        0,
        0,
        0,
        0,
        0,
        0,
        0,
        0,
        0,
        0,
        0,
        0,
        0,
        0,
        0,
        0,
        0,
        0,
        0,
        0,
        0,
        0,
        0,
        0,
        0,
        0
      ]
    }
  ]
}
