{
  "results": [
    {
      "command": "./omp 2000000 1",
      "mean": 0.052273848750000004,
      "stddev": 0.0016619762619058838,
      "median": 0.052003999,
      "user": 0.041167030000000014,
      "system": 0.010451100000000001,
      "min": 0.048880013,
      "max": 0.05682455,
      "times": [
        0.051420944,
        0.05244313900000001,
        0.052272226000000005,
        0.053057776,
        0.052667691,
        0.051987601,
        0.05185403,
        0.05218666600000001,
        0.050840931000000006,
        0.054166162000000004,
        0.054202721,
        0.050801458,
        0.050701419000000005,
        0.052184291,
        0.053456797,
        0.051417929,
        0.052152722000000006,
        0.055963558000000004,
        0.056583134,
        0.051456302,
        0.052141661000000006,
        0.053563219,
        0.052019502,
        0.051854711000000005,
        0.054607024000000004,
        0.052194452,
        0.051335884000000005,
        0.051692546000000006,
        0.052589615000000006,
        0.053986796000000004,
        0.053163986,
        0.053950097,
        0.050701591000000004,
        0.05159392,
        0.053619043000000005,
        0.051272095000000004,
        0.05631856700000001,
        0.049821955,
        0.051709489000000004,
        0.053039763000000004,
        0.04983539,
        0.052220631,
        0.055525514000000005,
        0.052282748000000004,
        0.050656776,
        0.053520027000000005,
        0.049859145,
        0.054438227000000006,
        0.051214327000000004,
        0.050958254,
        0.050040366,
        0.050413990000000006,
        0.052786727000000006,
        0.054581947000000006,
        0.054017204000000006,
        0.051688961000000005,
        0.05267141,
        0.051292314000000006,
        0.050876671000000005,
        0.050570926,
        0.051726301,
        0.050769199,
        0.053908279,
        0.050587457,
        0.051134917,
        0.05682455,
        0.054807332,
        0.051536063,
        0.053042549,
        0.050093898000000005,
        0.050276391000000004,
        0.053888632000000006,
        0.050743790000000004,
        0.053873164,
        0.053196931,
        0.051688089000000007,
        0.053466238000000006,
        0.048880013,
        0.049927535,
        0.051531895,
        0.050704198000000006,
        0.051648455,
        0.051182188,
        0.055348562000000004,
        0.052223108000000004,
        0.051007047,
        0.053268425,
        0.055058565000000004,
        0.050815296,
        0.051187928,
        0.050417488,
        0.050911087,
        0.052934106,
        0.052886827000000004,
        0.052818559,
        0.052397436000000006,
        0.051988496,
        0.050054274,
        0.051228185,
        0.054956454
      ],
      "exit_codes": [
        0,
        0,
        0,
        0,
        0,
        0,
        0,
        0,
        0,
        0,
        0,
        0,
        0,
        0,
        0,
        0,
        0,
        0,
        0,
        0,
        0,
        0,
        0,
        0,
        0,
        0,
        0,
        0,
        0,
        0,
        0,
        0,
        0,
        0,
        0,
        0,
        0,
        0,
        0,
        0,
        0,
        0,
        0,
        0,
        0,
        0,
        0,
        0,
        0,
        0,
        0,
        0,
        0,
        0,
        0,
        0,
        0,
        0,
        0,
        0,
        0,
        0,
        0,
        0,
        0,
        0,
        0,
        0,
        0,
        0,
        0,
        0,
        0,
        0,
        0,
        0,
        0,
        0,
        0,
        0,
        0,
        0,
        0,
        0,
        0,
        0,
        0,
        0,
        0,
        0,
        0,
        0,
        0,
        0,
        0,
        0,
        0,
        0,
        0,
        0
      ]
    }
  ]
}
