{
  "results": [
    {
      "command": "./omp 2000000 5",
      "mean": 0.02926833913000001,
      "stddev": 0.0018748204958797038,
      "median": 0.028575568000000003,
      "user": 0.06375682,
      "system": 0.00941839,
      "min": 0.026645477,
      "max": 0.03532933,
      "times": [
        0.028544464000000002,
        0.034954033,
        0.02917977,
        0.026868787,
        0.030710953000000003,
        0.029003328000000002,
        0.031561334,
        0.029678289000000004,
        0.028008895000000002,
        0.027724479000000003,
        0.028575883000000003,
        0.033862809,
        0.027491761000000003,
        0.03532933,
        0.027975542000000003,
        0.027421609000000003,
        0.033330477000000004,
        0.030774342000000003,
        0.028071242000000003,
        0.026645477,
        0.031343665,
        0.031885305,
        0.030397482000000003,
        0.028466898,
        0.028453192000000002,
        0.027938302,
        0.029969406,
        0.033959210000000004,
        0.027681258,
        0.027888478,
        0.031327405,
        0.031981537000000004,
        0.027369030000000003,
        0.028147928000000003,
        0.028093815,
        0.027625824,
        0.030183249000000002,
        0.028299553,
        0.027897687,
        0.027823817,
        0.029871413000000003,
        0.027621715,
        0.028271329,
        0.028331914000000003,
        0.027317663000000002,
        0.03396433,
        0.027518501,
        0.028550485,
        0.029354379000000003,
        0.032067078,
        0.032949269,
        0.028778876000000002,
        0.030842231,
        0.028902148000000003,
        0.027498134,
        0.028343515000000003,
        0.028060944,
        0.027174233000000002,
        0.028370878000000002,
        0.030060419,
        0.031230442,
        0.029085714000000002,
        0.029105049,
        0.028868313000000003,
        0.030991072,
        0.02829289,
        0.027884020000000002,
        0.027278129,
        0.027580569000000003,
        0.028328478,
        0.03189314,
        0.02817547,
        0.028009016,
        0.028121498,
        0.028755892,
        0.027235549,
        0.029337437,
        0.028706889000000003,
        0.030187898,
        0.031279955000000005,
        0.028089788,
        0.031008174000000003,
        0.029668490000000002,
        0.028638171,
        0.028448023000000003,
        0.029308363,
        0.029856976,
        0.029419162000000002,
        0.028575253000000002,
        0.028395253000000002,
        0.028221867,
        0.028918769,
        0.027155959,
        0.029666828000000003,
        0.027464961000000003,
        0.030635964,
        0.031730324000000004,
        0.027824418,
        0.028380846,
        0.028783605
      ],
      "exit_codes": [
        0,
        0,
        0,
        0,
        0,
        0,
        0,
        0,
        0,
        0,
        0,
        0,
        0,
        0,
        0,
        0,
        0,
        0,
        0,
        0,
        0,
        0,
        0,
        0,
        0,
        0,
        0,
        0,
        0,
        0,
        0,
        0,
        0,
        0,
        0,
        0,
        0,
        0,
        0,
        0,
        0,
        0,
        0,
        0,
        0,
        0,
        0,
        0,
        0,
        0,
        0,
        0,
        0,
        0,
        0,
        0,
        0,
        0,
        0,
        0,
        0,
        0,
        0,
        0,
        0,
        0,
        0,
        0,
        0,
        0,
        0,
        0,
        0,
        0,
        0,
        0,
        0,
        0,
        0,
        0,
        0,
        0,
        0,
        0,
        0,
        0,
        0,
        0,
        0,
        0,
        0,
        0,
        0,
        0,
        0,
        0,
        0,
        0,
        0,
        0
      ]
    }
  ]
}
