{
  "results": [
    {
      "command": "./omp 2000000 8",
      "mean": 14.1677202525,
      "stddev": 0.20921026724305478,
      "median": 14.19132044,
      "user": 112.85999050000001,
      "system": 0.051331499999999995,
      "min": 13.736549508,
      "max": 14.491727150000001,
      "times": [
        14.369089602,
        14.103965234,
        14.272788251,
        14.213215872,
        14.491727150000001,
        14.208599009,
        14.147304877,
        14.174041871,
        13.959921151,
        13.736549508
      ],
      "exit_codes": [
        0,
        0,
        0,
        0,
        0,
        0,
        0,
        0,
        0,
        0
      ]
    }
  ]
}
