{
  "results": [
    {
      "command": "./omp 2000000 2",
      "mean": 27.477810969500002,
      "stddev": 0.8030527444605537,
      "median": 27.4742345265,
      "user": 54.7867699,
      "system": 0.027666700000000006,
      "min": 26.152173433,
      "max": 29.04743071,
      "times": [
        27.425510278,
        29.04743071,
        27.352770573,
        27.812954152,
        26.602130796,
        28.171072446,
        27.522958775,
        26.152173433,
        27.635279768,
        27.055828764
      ],
      "exit_codes": [
        0,
        0,
        0,
        0,
        0,
        0,
        0,
        0,
        0,
        0
      ]
    }
  ]
}
