{
  "results": [
    {
      "command": "./omp 2000000 1",
      "mean": 50.4404061192,
      "stddev": 2.198231888068715,
      "median": 51.1635245075,
      "user": 50.400003999999996,
      "system": 0.0136645,
      "min": 47.846894673,
      "max": 53.466058623,
      "times": [
        48.302447776,
        48.022595722,
        47.846894673,
        51.477811275,
        48.130449212,
        53.466058623,
        51.434921379,
        51.237486427,
        51.089562588,
        53.395833517
      ],
      "exit_codes": [
        0,
        0,
        0,
        0,
        0,
        0,
        0,
        0,
        0,
        0
      ]
    }
  ]
}
