{
  "results": [
    {
      "command": "./omp 2000000 6",
      "mean": 13.8469955166,
      "stddev": 1.3012682450371702,
      "median": 13.764932449,
      "user": 82.61326079999999,
      "system": 0.043670499999999994,
      "min": 11.946489152,
      "max": 16.018413968,
      "times": [
        14.924100733,
        15.234956972,
        11.946489152,
        14.326047243,
        12.509718959,
        14.145989602,
        13.124679154,
        12.855684087,
        13.383875296,
        16.018413968
      ],
      "exit_codes": [
        0,
        0,
        0,
        0,
        0,
        0,
        0,
        0,
        0,
        0
      ]
    }
  ]
}
