{
  "results": [
    {
      "command": "./omp 2000000 7",
      "mean": 15.699968229500001,
      "stddev": 0.35307187164726994,
      "median": 15.5770458225,
      "user": 109.42709940000002,
      "system": 0.05499459999999999,
      "min": 15.260551006,
      "max": 16.209174098,
      "times": [
        15.593726608,
        15.50634871,
        15.334385824,
        15.260551006,
        15.560365037,
        15.446469359,
        16.209174098,
        16.14274443,
        16.143669362,
        15.802247861
      ],
      "exit_codes": [
        0,
        0,
        0,
        0,
        0,
        0,
        0,
        0,
        0,
        0
      ]
    }
  ]
}
