{
  "results": [
    {
      "command": "./omp 2000000 3",
      "mean": 19.9178462354,
      "stddev": 0.6834990250599902,
      "median": 20.0101784555,
      "user": 59.6346,
      "system": 0.018333000000000002,
      "min": 19.031355399,
      "max": 20.996956739,
      "times": [
        20.063951838,
        20.568731285,
        19.031355399,
        20.397459321,
        19.033689704,
        20.35362207,
        19.537945187,
        19.956405073,
        20.996956739,
        19.238345738
      ],
      "exit_codes": [
        0,
        0,
        0,
        0,
        0,
        0,
        0,
        0,
        0,
        0
      ]
    }
  ]
}
