{
  "results": [
    {
      "command": "./omp 2000000 5",
      "mean": 13.479871508799999,
      "stddev": 0.31092833535161746,
      "median": 13.405021766,
      "user": 67.22139179999999,
      "system": 0.023998199999999997,
      "min": 13.135354866,
      "max": 14.053276118,
      "times": [
        13.499070197,
        13.283919149,
        13.154697489,
        14.053276118,
        13.135354866,
        13.357461179,
        13.544494666,
        13.452582353,
        13.347424679,
        13.970434392
      ],
      "exit_codes": [
        0,
        0,
        0,
        0,
        0,
        0,
        0,
        0,
        0,
        0
      ]
    }
  ]
}
