{
  "results": [
    {
      "command": "./omp 2000000 4",
      "mean": 15.864898456399999,
      "stddev": 0.4486724018192749,
      "median": 15.9101191305,
      "user": 63.292526800000005,
      "system": 0.0229987,
      "min": 15.232711681,
      "max": 16.558693465,
      "times": [
        16.20645974,
        15.912883288,
        15.232711681,
        15.350270154,
        16.363928351,
        15.571432309,
        16.083235426,
        15.462015177,
        16.558693465,
        15.907354973
      ],
      "exit_codes": [
        0,
        0,
        0,
        0,
        0,
        0,
        0,
        0,
        0,
        0
      ]
    }
  ]
}
