{
  "results": [
    {
      "command": "./omp 1000000 3",
      "mean": 0.02027993578,
      "stddev": 0.0010658899200834708,
      "median": 0.020084153,
      "user": 0.03087522,
      "system": 0.006824289999999998,
      "min": 0.018744315,
      "max": 0.026560453,
      "times": [
        0.021547684,
        0.019478848,
        0.020881499,
        0.020519046000000003,
        0.020274375,
        0.019039220000000003,
        0.02066975,
        0.020857674,
        0.019504787000000003,
        0.020447572,
        0.019937782,
        0.0194059,
        0.019831561,
        0.019009474000000002,
        0.020320863,
        0.019793480000000002,
        0.019095406000000002,
        0.019135582,
        0.020456759,
        0.018747831,
        0.019852611000000003,
        0.021033946,
        0.021677026000000002,
        0.01969781,
        0.020865539000000002,
        0.019738937,
        0.020367421,
        0.021977423000000003,
        0.022509555,
        0.020870479,
        0.020159209,
        0.020140845,
        0.018879449,
        0.021482851,
        0.019804381000000003,
        0.019808378,
        0.02054705,
        0.02010665,
        0.019324127,
        0.018829194,
        0.020602023,
        0.019226763,
        0.019795204,
        0.019732535000000002,
        0.019450795,
        0.019859054,
        0.01939992,
        0.022215772,
        0.019711726000000002,
        0.020198723000000002,
        0.021464647,
        0.020708984,
        0.021225767000000003,
        0.018936557,
        0.019694404000000002,
        0.019927473,
        0.020136807,
        0.021085383000000003,
        0.019354975,
        0.019333153000000002,
        0.019701988,
        0.019114943000000002,
        0.022810622000000003,
        0.019532178,
        0.020061656,
        0.019318596,
        0.020993741,
        0.021216129,
        0.019711385,
        0.019812747000000002,
        0.019819449000000003,
        0.021768700000000002,
        0.020044302,
        0.021019218000000003,
        0.019874613000000003,
        0.019921221000000003,
        0.021606134000000003,
        0.020463943000000002,
        0.020565514,
        0.020829291,
        0.020046698,
        0.020513387,
        0.019714172000000002,
        0.021070966,
        0.020288503000000003,
        0.019918416,
        0.018744315,
        0.020815365000000002,
        0.020326213000000003,
        0.02079169,
        0.020215576000000002,
        0.019660180000000003,
        0.020268024000000003,
        0.020419199000000002,
        0.019654439000000003,
        0.021688429000000002,
        0.019785756,
        0.01932597,
        0.026560453,
        0.021310818000000002
      ],
      "exit_codes": [
        0,
        0,
        0,
        0,
        0,
        0,
        0,
        0,
        0,
        0,
        0,
        0,
        0,
        0,
        0,
        0,
        0,
        0,
        0,
        0,
        0,
        0,
        0,
        0,
        0,
        0,
        0,
        0,
        0,
        0,
        0,
        0,
        0,
        0,
        0,
        0,
        0,
        0,
        0,
        0,
        0,
        0,
        0,
        0,
        0,
        0,
        0,
        0,
        0,
        0,
        0,
        0,
        0,
        0,
        0,
        0,
        0,
        0,
        0,
        0,
        0,
        0,
        0,
        0,
        0,
        0,
        0,
        0,
        0,
        0,
        0,
        0,
        0,
        0,
        0,
        0,
        0,
        0,
        0,
        0,
        0,
        0,
        0,
        0,
        0,
        0,
        0,
        0,
        0,
        0,
        0,
        0,
        0,
        0,
        0,
        0,
        0,
        0,
        0,
        0
      ]
    }
  ]
}
