{
  "results": [
    {
      "command": "./omp 1000000 5",
      "mean": 0.01737564609000001,
      "stddev": 0.0009321334984373602,
      "median": 0.0173563695,
      "user": 0.034945939999999995,
      "system": 0.0064379699999999995,
      "min": 0.015992867,
      "max": 0.021196546,
      "times": [
        0.016753018,
        0.016219333000000002,
        0.016545428,
        0.017705492,
        0.016750113,
        0.016841555,
        0.016300456,
        0.016255772,
        0.017191985,
        0.018355124,
        0.017548786,
        0.01777896,
        0.018046163,
        0.016797493,
        0.019464654,
        0.017383675,
        0.018151392000000002,
        0.020475438000000002,
        0.018358020000000003,
        0.017694451,
        0.017303334,
        0.016600431000000002,
        0.017362967,
        0.017586157,
        0.017833963,
        0.017662922,
        0.01993493,
        0.0166425,
        0.016861652,
        0.017370801,
        0.017755846000000002,
        0.017349772,
        0.01613301,
        0.017386702,
        0.016065974,
        0.016028534,
        0.017796543,
        0.017383506,
        0.01741241,
        0.016381168,
        0.016796440000000003,
        0.017299527000000002,
        0.016784909,
        0.017033576,
        0.017440924,
        0.016422996000000002,
        0.01731676,
        0.016663259,
        0.016498640000000002,
        0.016186922,
        0.017438328,
        0.016336403,
        0.017077549,
        0.017790112,
        0.017001607000000002,
        0.016264539,
        0.017799169,
        0.01671687,
        0.016945150000000003,
        0.017511978,
        0.01717899,
        0.017256266000000003,
        0.017819335000000002,
        0.017365902000000003,
        0.017701103000000003,
        0.016869428000000002,
        0.017338450000000002,
        0.017483744000000002,
        0.017556631,
        0.017190261000000002,
        0.021196546,
        0.017504894,
        0.017701694,
        0.017135438,
        0.016751344,
        0.018170948000000003,
        0.016381639,
        0.017649486000000002,
        0.019195668000000003,
        0.017287415,
        0.017981311,
        0.017387593,
        0.016345310000000002,
        0.018591009000000002,
        0.0168921,
        0.018637126,
        0.016825585,
        0.016525960000000003,
        0.016512686000000002,
        0.019629295,
        0.018224128000000003,
        0.017380771,
        0.016777234000000002,
        0.019199987,
        0.016422155,
        0.017734326,
        0.017868829000000003,
        0.017708958,
        0.015992867,
        0.017396109
      ],
      "exit_codes": [
        0,
        0,
        0,
        0,
        0,
        0,
        0,
        0,
        0,
        0,
        0,
        0,
        0,
        0,
        0,
        0,
        0,
        0,
        0,
        0,
        0,
        0,
        0,
        0,
        0,
        0,
        0,
        0,
        0,
        0,
        0,
        0,
        0,
        0,
        0,
        0,
        0,
        0,
        0,
        0,
        0,
        0,
        0,
        0,
        0,
        0,
        0,
        0,
        0,
        0,
        0,
        0,
        0,
        0,
        0,
        0,
        0,
        0,
        0,
        0,
        0,
        0,
        0,
        0,
        0,
        0,
        0,
        0,
        0,
        0,
        0,
        0,
        0,
        0,
        0,
        0,
        0,
        0,
        0,
        0,
        0,
        0,
        0,
        0,
        0,
        0,
        0,
        0,
        0,
        0,
        0,
        0,
        0,
        0,
        0,
        0,
        0,
        0,
        0,
        0
      ]
    }
  ]
}
