{
  "results": [
    {
      "command": "./omp 1000000 2",
      "mean": 0.024386257880000012,
      "stddev": 0.0010905875737120042,
      "median": 0.0243667735,
      "user": 0.030058580000000005,
      "system": 0.006381640000000002,
      "min": 0.021978573,
      "max": 0.026891723000000003,
      "times": [
        0.023975122,
        0.023691998000000002,
        0.024233027,
        0.02485565,
        0.022375640000000002,
        0.024821515000000002,
        0.025494121,
        0.02403264,
        0.024443534000000003,
        0.023466524000000002,
        0.02332642,
        0.02410193,
        0.022995787,
        0.023760237,
        0.023321822000000002,
        0.024952171000000002,
        0.025076245,
        0.024038631,
        0.025672538,
        0.024423897,
        0.024368221000000002,
        0.023444773000000002,
        0.026874862000000003,
        0.023274793000000002,
        0.025331766000000002,
        0.025319844,
        0.024657527000000002,
        0.023618561000000003,
        0.024122750000000002,
        0.02626366,
        0.026891723000000003,
        0.023613441000000002,
        0.024000189,
        0.023302084,
        0.022414975,
        0.023824899,
        0.026125772000000002,
        0.024638300000000002,
        0.024449325,
        0.023646683,
        0.022881923000000002,
        0.023887677000000003,
        0.025078330000000003,
        0.024866189,
        0.024923889,
        0.021978573,
        0.023829989000000003,
        0.023518302,
        0.023373940000000003,
        0.024794815,
        0.026012979000000002,
        0.025551630000000002,
        0.024618814000000003,
        0.025698417,
        0.025685242,
        0.024333336,
        0.023516228,
        0.024265779,
        0.023382746000000003,
        0.024642047,
        0.024365326000000003,
        0.026496619000000003,
        0.023336520000000003,
        0.026019100000000003,
        0.024887680000000002,
        0.023320229,
        0.024753207000000003,
        0.023111766000000002,
        0.02676252,
        0.02284241,
        0.026233685000000003,
        0.025815137000000002,
        0.024163346000000002,
        0.023314879,
        0.02577954,
        0.024833378000000003,
        0.025180812,
        0.024404040000000002,
        0.024528565000000002,
        0.024081182000000003,
        0.024751394000000003,
        0.023586580000000003,
        0.023655971,
        0.022218635,
        0.02431938,
        0.02583256,
        0.025302621,
        0.022311479000000002,
        0.026005887000000002,
        0.024066213000000003,
        0.024496353000000002,
        0.024529315000000003,
        0.024007203,
        0.022890009000000003,
        0.023943312,
        0.022668352000000003,
        0.025047562000000002,
        0.025208384,
        0.024962300000000003,
        0.024507895000000002
      ],
      "exit_codes": [
        0,
        0,
        0,
        0,
        0,
        0,
        0,
        0,
        0,
        0,
        0,
        0,
        0,
        0,
        0,
        0,
        0,
        0,
        0,
        0,
        0,
        0,
        0,
        0,
        0,
        0,
        0,
        0,
        0,
        0,
        0,
        0,
        0,
        0,
        0,
        0,
        0,
        0,
        0,
        0,
        0,
        0,
        0,
        0,
        0,
        0,
        0,
        0,
        0,
        0,
        0,
        0,
        0,
        0,
        0,
        0,
        0,
        0,
        0,
        0,
        0,
        0,
        0,
        0,
        0,
        0,
        0,
        0,
        0,
        0,
        0,
        0,
        0,
        0,
        0,
        0,
        0,
        0,
        0,
        0,
        0,
        0,
        0,
        0,
        0,
        0,
        0,
        0,
        0,
        0,
        0,
        0,
        0,
        0,
        0,
        0,
        0,
        0,
        0,
        0
      ]
    }
  ]
}
