{
  "results": [
    {
      "command": "./omp 1000000 4",
      "mean": 0.01830282108000001,
      "stddev": 0.0008978252566170816,
      "median": 0.018197266500000003,
      "user": 0.032497,
      "system": 0.006549639999999998,
      "min": 0.016250841000000002,
      "max": 0.020757286,
      "times": [
        0.017581006,
        0.018318244,
        0.018482323000000002,
        0.018948732000000003,
        0.018719049,
        0.018255446,
        0.017532093000000002,
        0.017080213,
        0.017227781,
        0.018526657000000002,
        0.019306886000000002,
        0.017842568,
        0.018121543,
        0.018507410000000002,
        0.01830039,
        0.017984566,
        0.017200168000000002,
        0.018846449,
        0.018138204,
        0.018867919,
        0.020143811,
        0.018040811,
        0.019062986,
        0.019379753,
        0.018280283,
        0.017979196000000003,
        0.016852313,
        0.017824254,
        0.016250841000000002,
        0.018184563,
        0.017408762,
        0.017976921,
        0.017769811,
        0.020757286,
        0.019595469,
        0.019025044,
        0.017242378000000003,
        0.018688581000000003,
        0.017829544000000003,
        0.01691969,
        0.01681836,
        0.017117594,
        0.02065788,
        0.016942303000000002,
        0.017484024,
        0.01794426,
        0.019414107,
        0.018432029000000003,
        0.019259276000000002,
        0.017353077,
        0.017339892000000003,
        0.020458585,
        0.01837977,
        0.018214559,
        0.018442368,
        0.018644248000000002,
        0.018899438,
        0.018017488,
        0.018630512000000002,
        0.017837018,
        0.01720077,
        0.018762601,
        0.018181897000000002,
        0.018784472,
        0.018209970000000002,
        0.017889787,
        0.018415828000000002,
        0.019528864,
        0.019654460000000002,
        0.019280837000000002,
        0.017959659000000003,
        0.017623836,
        0.019385744,
        0.018785925000000002,
        0.017694841000000003,
        0.017410986,
        0.019479922,
        0.018834947,
        0.018679534,
        0.018147062000000002,
        0.017034016000000003,
        0.017118355000000002,
        0.019433504,
        0.017905507,
        0.017342146000000003,
        0.017788988000000002,
        0.017818864,
        0.017408751,
        0.01809276,
        0.018704722,
        0.019898891000000002,
        0.017838431000000002,
        0.01744508,
        0.019834019,
        0.018333943000000002,
        0.018606678,
        0.019010398,
        0.018054218,
        0.017920766,
        0.019493397000000003
      ],
      "exit_codes": [
        0,
        0,
        0,
        0,
        0,
        0,
        0,
        0,
        0,
        0,
        0,
        0,
        0,
        0,
        0,
        0,
        0,
        0,
        0,
        0,
        0,
        0,
        0,
        0,
        0,
        0,
        0,
        0,
        0,
        0,
        0,
        0,
        0,
        0,
        0,
        0,
        0,
        0,
        0,
        0,
        0,
        0,
        0,
        0,
        0,
        0,
        0,
        0,
        0,
        0,
        0,
        0,
        0,
        0,
        0,
        0,
        0,
        0,
        0,
        0,
        0,
        0,
        0,
        0,
        0,
        0,
        0,
        0,
        0,
        0,
        0,
        0,
        0,
        0,
        0,
        0,
        0,
        0,
        0,
        0,
        0,
        0,
        0,
        0,
        0,
        0,
        0,
        0,
        0,
        0,
        0,
        0,
        0,
        0,
        0,
        0,
        0,
        0,
        0,
        0
      ]
    }
  ]
}
