{
  "results": [
    {
      "command": "./omp 1000000 8",
      "mean": 0.017058260000000006,
      "stddev": 0.0009053079859279546,
      "median": 0.0169520415,
      "user": 0.05168025000000002,
      "system": 0.00628287,
      "min": 0.014816805,
      "max": 0.019372504000000002,
      "times": [
        0.016820869000000002,
        0.01704437,
        0.016593651,
        0.015961972,
        0.017730933,
        0.016828895,
        0.017933364,
        0.017491302,
        0.016105652,
        0.016592458,
        0.017114472000000002,
        0.017847292,
        0.016683751,
        0.016679813,
        0.016495957000000002,
        0.016707265000000002,
        0.017933916,
        0.018699327,
        0.017588495000000003,
        0.01667278,
        0.018960559000000002,
        0.017216635,
        0.017744368,
        0.017713370000000003,
        0.016339472,
        0.017052907000000003,
        0.016771246,
        0.016795431,
        0.016134537,
        0.016382273000000003,
        0.017257752,
        0.015590181000000002,
        0.017236071000000002,
        0.015789727,
        0.016555851,
        0.017356227000000002,
        0.016644968,
        0.016825839000000002,
        0.017923706,
        0.016329584,
        0.018353346,
        0.016072430000000002,
        0.017848925,
        0.01775076,
        0.01656622,
        0.016557663,
        0.016942749,
        0.017264435,
        0.017883571,
        0.017552858,
        0.019131351,
        0.017046684,
        0.017209632000000002,
        0.016880261,
        0.017753525000000003,
        0.018097614,
        0.016633047,
        0.016171306,
        0.018304384,
        0.016025351,
        0.015741125,
        0.01632205,
        0.017310902,
        0.017306575,
        0.017230581000000002,
        0.018367582,
        0.015477290000000001,
        0.017836402,
        0.017892889000000002,
        0.018110859,
        0.017479440000000002,
        0.017635334000000003,
        0.019372504000000002,
        0.016328723,
        0.018766213,
        0.017533832000000003,
        0.017819951,
        0.014816805,
        0.01785105,
        0.018061836,
        0.016961334,
        0.017365475000000002,
        0.018079951,
        0.016840496,
        0.018197081,
        0.016911250000000003,
        0.016398343000000003,
        0.016432347,
        0.016779562,
        0.016586087,
        0.015332496000000001,
        0.015569713,
        0.018346132,
        0.016782386,
        0.015565355000000001,
        0.015342957,
        0.01653964,
        0.016044368,
        0.015715057,
        0.016580677000000002
      ],
      "exit_codes": [
        0,
        0,
        0,
        0,
        0,
        0,
        0,
        0,
        0,
        0,
        0,
        0,
        0,
        0,
        0,
        0,
        0,
        0,
        0,
        0,
        0,
        0,
        0,
        0,
        0,
        0,
        0,
        0,
        0,
        0,
        0,
        0,
        0,
        0,
        0,
        0,
        0,
        0,
        0,
        0,
        0,
        0,
        0,
        0,
        0,
        0,
        0,
        0,
        0,
        0,
        0,
        0,
        0,
        0,
        0,
        0,
        0,
        0,
        0,
        0,
        0,
        0,
        0,
        0,
        0,
        0,
        0,
        0,
        0,
        0,
        0,
        0,
        0,
        0,
        0,
        0,
        0,
        0,
        0,
        0,
        0,
        0,
        0,
        0,
        0,
        0,
        0,
        0,
        0,
        0,
        0,
        0,
        0,
        0,
        0,
        0,
        0,
        0,
        0,
        0
      ]
    }
  ]
}
