{
  "results": [
    {
      "command": "./omp 1000000 1",
      "mean": 0.027595328659999988,
      "stddev": 0.0008388377866951755,
      "median": 0.027494590000000003,
      "user": 0.0203724,
      "system": 0.006525800000000002,
      "min": 0.026444138000000002,
      "max": 0.030012185,
      "times": [
        0.027758892,
        0.027674524000000002,
        0.028341609,
        0.028333254000000002,
        0.029806036,
        0.027494484000000003,
        0.028020965000000002,
        0.028167231,
        0.029678406,
        0.027460010000000003,
        0.026816488000000003,
        0.027334263,
        0.027462745,
        0.02656802,
        0.027868098,
        0.027210911,
        0.028998677,
        0.027632034000000003,
        0.027119608000000003,
        0.026728152,
        0.029334369000000002,
        0.026857436000000002,
        0.027708988,
        0.026836937,
        0.027580126000000003,
        0.027379709000000002,
        0.027896032,
        0.026904424000000003,
        0.026678208000000002,
        0.027928692,
        0.027223644,
        0.026543775000000002,
        0.027917201000000003,
        0.027611686000000003,
        0.029507284,
        0.027614561000000003,
        0.027356866,
        0.027004152,
        0.027564247,
        0.027525012,
        0.026593639000000002,
        0.026973815,
        0.026444138000000002,
        0.026999844000000002,
        0.027722815,
        0.026525390000000003,
        0.027552905000000003,
        0.029639483,
        0.029909823000000002,
        0.027696606000000002,
        0.027262268000000003,
        0.027768332000000003,
        0.029129934000000003,
        0.028301234,
        0.027676388000000003,
        0.028056453000000002,
        0.027632004,
        0.027510406,
        0.026829053000000002,
        0.027585907000000003,
        0.027802796,
        0.02759272,
        0.027007418000000002,
        0.026742259,
        0.027499675,
        0.027488383,
        0.026539648000000002,
        0.028335349000000003,
        0.028552698,
        0.027798908,
        0.027257369,
        0.02694475,
        0.027137062,
        0.026756647,
        0.027494696000000002,
        0.030012185,
        0.029883183,
        0.027364680000000002,
        0.02667401,
        0.028430047000000003,
        0.026485075,
        0.027254433,
        0.027117325,
        0.027870914,
        0.027351928,
        0.028543500000000003,
        0.027419064000000003,
        0.026873897,
        0.027293267000000003,
        0.026700230000000002,
        0.02697075,
        0.026489303000000002,
        0.027335526000000002,
        0.027596538,
        0.027035742,
        0.026852547,
        0.027806383,
        0.026861935,
        0.027688541,
        0.027413292000000002
      ],
      "exit_codes": [
        0,
        0,
        0,
        0,
        0,
        0,
        0,
        0,
        0,
        0,
        0,
        0,
        0,
        0,
        0,
        0,
        0,
        0,
        0,
        0,
        0,
        0,
        0,
        0,
        0,
        0,
        0,
        0,
        0,
        0,
        0,
        0,
        0,
        0,
        0,
        0,
        0,
        0,
        0,
        0,
        0,
        0,
        0,
        0,
        0,
        0,
        0,
        0,
        0,
        0,
        0,
        0,
        0,
        0,
        0,
        0,
        0,
        0,
        0,
        0,
        0,
        0,
        0,
        0,
        0,
        0,
        0,
        0,
        0,
        0,
        0,
        0,
        0,
        0,
        0,
        0,
        0,
        0,
        0,
        0,
        0,
        0,
        0,
        0,
        0,
        0,
        0,
        0,
        0,
        0,
        0,
        0,
        0,
        0,
        0,
        0,
        0,
        0,
        0,
        0
      ]
    }
  ]
}
