{
  "results": [
    {
      "command": "./omp 1000000 6",
      "mean": 0.016600522519999997,
      "stddev": 0.0008153510347169926,
      "median": 0.016440866000000002,
      "user": 0.03673432000000001,
      "system": 0.006932279999999998,
      "min": 0.015187361000000002,
      "max": 0.019436353,
      "times": [
        0.016347676000000002,
        0.017136862000000003,
        0.016766084,
        0.017105503,
        0.015876969,
        0.016389425000000003,
        0.017278068,
        0.01637624,
        0.016195709000000003,
        0.017251999,
        0.015633170000000002,
        0.016316006,
        0.017104331,
        0.015854297,
        0.016010972000000002,
        0.017211463,
        0.016375157,
        0.015759288,
        0.016617324000000003,
        0.015187361000000002,
        0.016556499000000002,
        0.016436152000000002,
        0.015579509000000002,
        0.01647213,
        0.017478575,
        0.015724482,
        0.015910002,
        0.016850773,
        0.016388543000000002,
        0.017272247,
        0.015687552,
        0.016550958,
        0.017292966,
        0.015805024,
        0.016677096000000002,
        0.018726205000000003,
        0.017841649,
        0.016053061,
        0.016059022000000003,
        0.01624349,
        0.016339711,
        0.017192888,
        0.016391930000000002,
        0.016354989,
        0.016649745,
        0.016394635,
        0.017684152,
        0.018624814,
        0.016354709000000002,
        0.015666734,
        0.017025122,
        0.017473296000000003,
        0.019336866,
        0.016365690000000002,
        0.015887039000000002,
        0.017275473,
        0.01644558,
        0.015902989,
        0.017763202000000002,
        0.016078349000000002,
        0.016799027,
        0.015365466000000001,
        0.015978321,
        0.015739261,
        0.01589288,
        0.015945729000000002,
        0.015402857,
        0.015727989,
        0.017498603,
        0.015828609,
        0.016509471,
        0.017700784,
        0.017364962,
        0.016039656,
        0.017142433000000002,
        0.017445874,
        0.016005231,
        0.015633311,
        0.015732547,
        0.015371658000000002,
        0.017551554,
        0.0162489,
        0.016562541,
        0.017693902,
        0.016659433,
        0.015876278,
        0.017025012000000003,
        0.016404402000000002,
        0.019436353,
        0.016475126,
        0.015792831,
        0.016857807000000002,
        0.0172203,
        0.016749452,
        0.017456554000000003,
        0.016024787000000002,
        0.016673239,
        0.0168808,
        0.017106334,
        0.016624226000000002
      ],
      "exit_codes": [
        0,
        0,
        0,
        0,
        0,
        0,
        0,
        0,
        0,
        0,
        0,
        0,
        0,
        0,
        0,
        0,
        0,
        0,
        0,
        0,
        0,
        0,
        0,
        0,
        0,
        0,
        0,
        0,
        0,
        0,
        0,
        0,
        0,
        0,
        0,
        0,
        0,
        0,
        0,
        0,
        0,
        0,
        0,
        0,
        0,
        0,
        0,
        0,
        0,
        0,
        0,
        0,
        0,
        0,
        0,
        0,
        0,
        0,
        0,
        0,
        0,
        0,
        0,
        0,
        0,
        0,
        0,
        0,
        0,
        0,
        0,
        0,
        0,
        0,
        0,
        0,
        0,
        0,
        0,
        0,
        0,
        0,
        0,
        0,
        0,
        0,
        0,
        0,
        0,
        0,
        0,
        0,
        0,
        0,
        0,
        0,
        0,
        0,
        0,
        0
      ]
    }
  ]
}
