{
  "results": [
    {
      "command": "./omp 1000000 7",
      "mean": 0.016575752969999996,
      "stddev": 0.0009212114446651046,
      "median": 0.016428354,
      "user": 0.041765260000000005,
      "system": 0.006952969999999999,
      "min": 0.015284234,
      "max": 0.020472064,
      "times": [
        0.016206982,
        0.018314371,
        0.015611350000000001,
        0.017918525,
        0.01656673,
        0.017112447,
        0.016898825000000003,
        0.020472064,
        0.017958130000000003,
        0.017265505,
        0.017407271000000002,
        0.017635371,
        0.016389265,
        0.016644456000000002,
        0.018506122,
        0.015973181,
        0.015730545000000002,
        0.016657221,
        0.015922246,
        0.015902649,
        0.018002353000000002,
        0.016437456,
        0.016563844,
        0.016082749,
        0.016553685000000002,
        0.015672185,
        0.017387495000000003,
        0.016135307,
        0.015870108,
        0.015823861,
        0.017714821000000002,
        0.017008562,
        0.016869048,
        0.016801782,
        0.016048233000000002,
        0.017333123000000002,
        0.015511001000000002,
        0.016462262000000002,
        0.017758073000000003,
        0.015990364,
        0.017423884,
        0.016049275,
        0.015509920000000002,
        0.015810997,
        0.015750883,
        0.016607317,
        0.016777807000000002,
        0.015776401000000002,
        0.015810515,
        0.015712761000000002,
        0.015501874,
        0.016259911000000002,
        0.015721949000000002,
        0.017404136,
        0.016279409,
        0.01535671,
        0.015890856000000002,
        0.01791057,
        0.015284655000000001,
        0.016236969,
        0.018130715000000002,
        0.017575259000000003,
        0.016553876000000002,
        0.015788945000000002,
        0.017524974000000002,
        0.017406471,
        0.01675803,
        0.015499138,
        0.01546749,
        0.016462764,
        0.016355631000000002,
        0.015641187,
        0.018017702,
        0.017902806,
        0.016761978,
        0.016972604000000002,
        0.015284234,
        0.017886465,
        0.015304182000000001,
        0.015514238000000001,
        0.015910384,
        0.016484566000000003,
        0.015753318000000002,
        0.017025915000000003,
        0.016445903,
        0.016958618,
        0.015705287000000002,
        0.015523615000000001,
        0.015920533,
        0.016617145,
        0.016790481,
        0.017091759,
        0.015974504,
        0.016351014,
        0.015999782,
        0.0186539,
        0.016262156,
        0.016360211,
        0.016419252000000002,
        0.016321898
      ],
      "exit_codes": [
        0,
        0,
        0,
        0,
        0,
        0,
        0,
        0,
        0,
        0,
        0,
        0,
        0,
        0,
        0,
        0,
        0,
        0,
        0,
        0,
        0,
        0,
        0,
        0,
        0,
        0,
        0,
        0,
        0,
        0,
        0,
        0,
        0,
        0,
        0,
        0,
        0,
        0,
        0,
        0,
        0,
        0,
        0,
        0,
        0,
        0,
        0,
        0,
        0,
        0,
        0,
        0,
        0,
        0,
        0,
        0,
        0,
        0,
        0,
        0,
        0,
        0,
        0,
        0,
        0,
        0,
        0,
        0,
        0,
        0,
        0,
        0,
        0,
        0,
        0,
        0,
        0,
        0,
        0,
        0,
        0,
        0,
        0,
        0,
        0,
        0,
        0,
        0,
        0,
        0,
        0,
        0,
        0,
        0,
        0,
        0,
        0,
        0,
        0,
        0
      ]
    }
  ]
}
