{
  "results": [
    {
      "command": "./omp 1000000 4",
      "mean": 8.0358325723,
      "stddev": 0.3972163704345765,
      "median": 7.957351543,
      "user": 32.0564227,
      "system": 0.0146623,
      "min": 7.575752632,
      "max": 8.809090214,
      "times": [
        7.575752632,
        7.91745651,
        8.073179158,
        8.254715095,
        8.809090214,
        8.526580277,
        7.812855393,
        7.804633225,
        7.997246576,
        7.586816643
      ],
      "exit_codes": [
        0,
        0,
        0,
        0,
        0,
        0,
        0,
        0,
        0,
        0
      ]
    }
  ]
}
