{
  "results": [
    {
      "command": "./omp 1000000 2",
      "mean": 14.229390315699998,
      "stddev": 0.11905335436136666,
      "median": 14.247659325,
      "user": 28.3947169,
      "system": 0.0163416,
      "min": 14.050343465,
      "max": 14.48147278,
      "times": [
        14.267346746,
        14.243678212,
        14.48147278,
        14.050343465,
        14.259245398000001,
        14.251640438,
        14.2016158,
        14.155834297,
        14.091726985,
        14.290999036
      ],
      "exit_codes": [
        0,
        0,
        0,
        0,
        0,
        0,
        0,
        0,
        0,
        0
      ]
    }
  ]
}
