{
  "results": [
    {
      "command": "./omp 1000000 7",
      "mean": 7.6308599063,
      "stddev": 0.049341247690114276,
      "median": 7.611041954999999,
      "user": 53.25082480000001,
      "system": 0.019322700000000005,
      "min": 7.588673743,
      "max": 7.744526369,
      "times": [
        7.654598559,
        7.606791303,
        7.615292607,
        7.627445214,
        7.604705429,
        7.588673743,
        7.679115586,
        7.744526369,
        7.598405838,
        7.589044415
      ],
      "exit_codes": [
        0,
        0,
        0,
        0,
        0,
        0,
        0,
        0,
        0,
        0
      ]
    }
  ]
}
