{
  "results": [
    {
      "command": "./omp 1000000 5",
      "mean": 6.812771525,
      "stddev": 0.18363774350050896,
      "median": 6.7256265845000005,
      "user": 33.97843089999999,
      "system": 0.011331299999999999,
      "min": 6.574810264,
      "max": 7.129763482,
      "times": [
        6.574810264,
        6.685041871,
        6.6971275640000005,
        7.129763482,
        6.730163608,
        6.711427984,
        6.860603839,
        6.931283975,
        6.721089561,
        7.086403102
      ],
      "exit_codes": [
        0,
        0,
        0,
        0,
        0,
        0,
        0,
        0,
        0,
        0
      ]
    }
  ]
}
