{
  "results": [
    {
      "command": "./omp 1000000 1",
      "mean": 24.555934975599996,
      "stddev": 1.439227863570528,
      "median": 24.0974536065,
      "user": 24.5135715,
      "system": 0.0123337,
      "min": 22.673149097,
      "max": 26.624424041,
      "times": [
        25.678014409,
        23.16995379,
        23.158143343,
        26.383465674,
        25.770749282,
        23.906542907,
        22.673149097,
        24.214226288,
        26.624424041,
        23.980680925
      ],
      "exit_codes": [
        0,
        0,
        0,
        0,
        0,
        0,
        0,
        0,
        0,
        0
      ]
    }
  ]
}
