{
  "results": [
    {
      "command": "./omp 1000000 8",
      "mean": 7.085873664900001,
      "stddev": 0.054867708675524034,
      "median": 7.067326852000001,
      "user": 56.4148125,
      "system": 0.0353428,
      "min": 7.037195186,
      "max": 7.190576679,
      "times": [
        7.091336592,
        7.037195186,
        7.037878803,
        7.105679695,
        7.0815595590000004,
        7.042887979,
        7.190576679,
        7.168429666,
        7.053094145,
        7.050098345
      ],
      "exit_codes": [
        0,
        0,
        0,
        0,
        0,
        0,
        0,
        0,
        0,
        0
      ]
    }
  ]
}
