{
  "results": [
    {
      "command": "./omp 1000000 6",
      "mean": 6.8904388516,
      "stddev": 0.7854193091464053,
      "median": 6.675662173,
      "user": 41.2189518,
      "system": 0.017664199999999998,
      "min": 5.84923138,
      "max": 8.138137461,
      "times": [
        7.413229521,
        7.5729474020000005,
        6.380555891,
        6.017242253,
        7.747256038,
        8.138137461,
        6.435663144,
        5.84923138,
        6.915661202,
        6.434464224
      ],
      "exit_codes": [
        0,
        0,
        0,
        0,
        0,
        0,
        0,
        0,
        0,
        0
      ]
    }
  ]
}
