{
  "results": [
    {
      "command": "./omp 1000000 3",
      "mean": 9.8040723676,
      "stddev": 0.37379795022571005,
      "median": 9.770508601,
      "user": 29.3523279,
      "system": 0.0126664,
      "min": 9.215754297,
      "max": 10.40210672,
      "times": [
        9.363349066,
        10.094780259,
        10.17082395,
        9.810964364,
        9.721856018,
        10.015765275,
        10.40210672,
        9.215754297,
        9.515270889,
        9.730052838
      ],
      "exit_codes": [
        0,
        0,
        0,
        0,
        0,
        0,
        0,
        0,
        0,
        0
      ]
    }
  ]
}
