{
  "results": [
    {
      "command": "./omp 100000 4",
      "mean": 0.7816300626000001,
      "stddev": 0.016478120585726303,
      "median": 0.7804254535000001,
      "user": 3.1022849,
      "system": 0.0023253999999999996,
      "min": 0.761481733,
      "max": 0.808580539,
      "times": [
        0.7974437010000001,
        0.774776514,
        0.7658473100000001,
        0.7996715240000001,
        0.808580539,
        0.7777406130000001,
        0.786085091,
        0.7831102940000001,
        0.761481733,
        0.7615633070000001
      ],
      "exit_codes": [
        0,
        0,
        0,
        0,
        0,
        0,
        0,
        0,
        0,
        0
      ]
    }
  ]
}
