{
  "results": [
    {
      "command": "./omp 100000 3",
      "mean": 0.9859368114,
      "stddev": 0.04448132993299523,
      "median": 0.970774646,
      "user": 2.9401257,
      "system": 0.0033296,
      "min": 0.9374016140000001,
      "max": 1.079717362,
      "times": [
        1.000353516,
        1.079717362,
        1.004003747,
        0.966442196,
        0.963344677,
        0.94547667,
        1.034720425,
        0.9374016140000001,
        0.975107096,
        0.952800811
      ],
      "exit_codes": [
        0,
        0,
        0,
        0,
        0,
        0,
        0,
        0,
        0,
        0
      ]
    }
  ]
}
