{
  "results": [
    {
      "command": "./omp 100000 8",
      "mean": 0.7130548376,
      "stddev": 0.0076283822574906264,
      "median": 0.7145551720000001,
      "user": 5.6425336999999995,
      "system": 0.003991,
      "min": 0.700850191,
      "max": 0.7220427650000001,
      "times": [
        0.7128230130000001,
        0.7220427650000001,
        0.7162873310000001,
        0.708791354,
        0.7090866450000001,
        0.7201950060000001,
        0.7177656760000001,
        0.702117345,
        0.7205890500000001,
        0.700850191
      ],
      "exit_codes": [
        0,
        0,
        0,
        0,
        0,
        0,
        0,
        0,
        0,
        0
      ]
    }
  ]
}
