{
  "results": [
    {
      "command": "./omp 100000 6",
      "mean": 0.6445043487000002,
      "stddev": 0.05269553252335461,
      "median": 0.6421576635,
      "user": 3.8298973,
      "system": 0.0026601999999999997,
      "min": 0.57619715,
      "max": 0.751682064,
      "times": [
        0.645846139,
        0.6985658560000001,
        0.6592126850000001,
        0.583810165,
        0.751682064,
        0.660605758,
        0.57619715,
        0.6384691880000001,
        0.618118696,
        0.612535786
      ],
      "exit_codes": [
        0,
        0,
        0,
        0,
        0,
        0,
        0,
        0,
        0,
        0
      ]
    }
  ]
}
