{
  "results": [
    {
      "command": "./omp 100000 7",
      "mean": 0.8728775612999999,
      "stddev": 0.11443040871684745,
      "median": 0.8215571275,
      "user": 5.9428033,
      "system": 0.0089502,
      "min": 0.765944104,
      "max": 1.071686387,
      "times": [
        0.765944104,
        0.801616855,
        0.811858206,
        0.831256049,
        0.7937328100000001,
        0.7710165320000001,
        0.885360645,
        1.0620761380000001,
        1.071686387,
        0.934227887
      ],
      "exit_codes": [
        0,
        0,
        0,
        0,
        0,
        0,
        0,
        0,
        0,
        0
      ]
    }
  ]
}
