{
  "results": [
    {
      "command": "./omp 100000 5",
      "mean": 0.6902643697999999,
      "stddev": 0.020409520776288114,
      "median": 0.697630588,
      "user": 3.4199726999999998,
      "system": 0.005323400000000001,
      "min": 0.657969894,
      "max": 0.7128177280000001,
      "times": [
        0.7128177280000001,
        0.7020842270000001,
        0.668943721,
        0.657969894,
        0.705864437,
        0.710265476,
        0.6617361350000001,
        0.701549159,
        0.6877009040000001,
        0.6937120170000001
      ],
      "exit_codes": [
        0,
        0,
        0,
        0,
        0,
        0,
        0,
        0,
        0,
        0
      ]
    }
  ]
}
