{
  "results": [
    {
      "command": "./omp 100000 2",
      "mean": 1.3432669578999996,
      "stddev": 0.03762989751249779,
      "median": 1.3469287200000002,
      "user": 2.6743817,
      "system": 0.0039962,
      "min": 1.278672574,
      "max": 1.39350825,
      "times": [
        1.39350825,
        1.371573568,
        1.367433561,
        1.369696942,
        1.3351013840000001,
        1.350228878,
        1.341570798,
        1.3436285620000001,
        1.278672574,
        1.281255062
      ],
      "exit_codes": [
        0,
        0,
        0,
        0,
        0,
        0,
        0,
        0,
        0,
        0
      ]
    }
  ]
}
