{
  "results": [
    {
      "command": "./omp 100000 1",
      "mean": 2.3912804504,
      "stddev": 0.11035185591470834,
      "median": 2.352446072,
      "user": 2.3864872,
      "system": 0.0033325,
      "min": 2.286646327,
      "max": 2.60446847,
      "times": [
        2.490650966,
        2.357353098,
        2.347539046,
        2.526995975,
        2.60446847,
        2.294601264,
        2.379053631,
        2.315164903,
        2.286646327,
        2.3103308240000002
      ],
      "exit_codes": [
        0,
        0,
        0,
        0,
        0,
        0,
        0,
        0,
        0,
        0
      ]
    }
  ]
}
