{
  "results": [
    {
      "command": "./default 2000000",
      "mean": 0.06050246708,
      "stddev": 0.01332022890000032,
      "median": 0.05451186350000001,
      "user": 0.04836886000000001,
      "system": 0.0111685,
      "min": 0.051033493000000006,
      "max": 0.10324596300000001,
      "times": [
        0.098433382,
        0.092748834,
        0.094179206,
        0.09971461200000001,
        0.097857414,
        0.100523019,
        0.10324596300000001,
        0.08725676,
        0.088641435,
        0.082453656,
        0.091283105,
        0.084217689,
        0.07851042800000001,
        0.072352024,
        0.070696696,
        0.072363806,
        0.06864170500000001,
        0.067718952,
        0.066271047,
        0.060744537,
        0.061122101000000005,
        0.061146988000000006,
        0.057990284,
        0.059157890000000005,
        0.058917737000000005,
        0.060701766000000004,
        0.054079236,
        0.056988873,
        0.05159830000000001,
        0.051515373,
        0.055048798,
        0.053277121000000004,
        0.056777643,
        0.053949811,
        0.052819316000000005,
        0.053726249000000004,
        0.053985780000000004,
        0.051736911000000003,
        0.053937339,
        0.053286128,
        0.055674430000000004,
        0.05601314,
        0.051733876000000005,
        0.052334351,
        0.053955873,
        0.053009776,
        0.056878625,
        0.054526231,
        0.054318519,
        0.051033493000000006,
        0.052946927000000005,
        0.053664273000000005,
        0.057015804,
        0.055011317000000004,
        0.053806371000000006,
        0.054715669,
        0.056833579,
        0.054677577000000005,
        0.057708432000000004,
        0.053009877000000004,
        0.054965801,
        0.053211958000000004,
        0.053565496000000004,
        0.058751011000000006,
        0.052517567,
        0.060279889,
        0.053264648000000005,
        0.054097070000000004,
        0.052520522,
        0.060144334,
        0.052218060000000004,
        0.052684561000000005,
        0.052383032,
        0.053711361000000006,
        0.052631892000000007,
        0.054309071,
        0.053195467,
        0.056598165000000006,
        0.052001651,
        0.052180841000000006,
        0.054419138000000006,
        0.056152052,
        0.052634607,
        0.053908234000000006,
        0.059116572000000006,
        0.053085740000000006,
        0.052291029,
        0.0572254,
        0.054324239,
        0.052248658,
        0.055904263,
        0.052507778000000005,
        0.057497945,
        0.054497496000000006,
        0.053353155000000006,
        0.05284186900000001,
        0.052621443000000004,
        0.055853248,
        0.054088674,
        0.051956717000000006
      ],
      "exit_codes": [
        0,
        0,
        0,
        0,
        0,
        0,
        0,
        0,
        0,
        0,
        0,
        0,
        0,
        0,
        0,
        0,
        0,
        0,
        0,
        0,
        0,
        0,
        0,
        0,
        0,
        0,
        0,
        0,
        0,
        0,
        0,
        0,
        0,
        0,
        0,
        0,
        0,
        0,
        0,
        0,
        0,
        0,
        0,
        0,
        0,
        0,
        0,
        0,
        0,
        0,
        0,
        0,
        0,
        0,
        0,
        0,
        0,
        0,
        0,
        0,
        0,
        0,
        0,
        0,
        0,
        0,
        0,
        0,
        0,
        0,
        0,
        0,
        0,
        0,
        0,
        0,
        0,
        0,
        0,
        0,
        0,
        0,
        0,
        0,
        0,
        0,
        0,
        0,
        0,
        0,
        0,
        0,
        0,
        0,
        0,
        0,
        0,
        0,
        0,
        0
      ]
    }
  ]
}
