{
  "results": [
    {
      "command": "./default 100000",
      "mean": 0.00891100535,
      "stddev": 0.0004083830762431342,
      "median": 0.008776579,
      "user": 0.00511575,
      "system": 0.00345609,
      "min": 0.008376484,
      "max": 0.010522797,
      "times": [
        0.008769015,
        0.009767171,
        0.009513872000000001,
        0.009408343000000001,
        0.009426777,
        0.008553086,
        0.009036591,
        0.009458788000000001,
        0.009269009,
        0.009574737,
        0.009463106,
        0.008404787,
        0.008409366,
        0.008550132,
        0.009193998,
        0.009495256,
        0.008744148,
        0.008570570000000001,
        0.008694735,
        0.009220267,
        0.008811826,
        0.008553257,
        0.008791798,
        0.009006433000000001,
        0.008561954,
        0.009404625,
        0.008509555,
        0.008449892,
        0.008720783000000001,
        0.008848556,
        0.008688693,
        0.008903930000000001,
        0.008513131,
        0.008495208,
        0.008467365000000001,
        0.008445944,
        0.008637567,
        0.008668155,
        0.008484007,
        0.009445413,
        0.009171034,
        0.008636494,
        0.008509425000000001,
        0.008957952,
        0.009557224000000001,
        0.008488204000000001,
        0.008659708,
        0.009337389,
        0.008654388,
        0.00867653,
        0.008602079,
        0.008531937,
        0.008655991,
        0.008602631000000001,
        0.009242769000000001,
        0.008604494,
        0.008436486,
        0.008773333000000001,
        0.008779825,
        0.009128063,
        0.008527268000000001,
        0.009360251,
        0.008595598000000001,
        0.008503033,
        0.008747685,
        0.008541415,
        0.008827235000000001,
        0.009190471,
        0.008970074,
        0.008645401,
        0.008685336,
        0.009143672,
        0.008652074000000001,
        0.008826343,
        0.009542115,
        0.009125508000000001,
        0.008451535000000001,
        0.009075383000000001,
        0.008717718000000001,
        0.008896656000000001,
        0.009266304000000001,
        0.009695996,
        0.008790946000000001,
        0.008922835,
        0.008911374000000001,
        0.008376484,
        0.008658376,
        0.00863415,
        0.009108155,
        0.009812556,
        0.008827305,
        0.009315618000000001,
        0.009110390000000001,
        0.008706887,
        0.008656102,
        0.009344532000000001,
        0.00948667,
        0.008558538000000001,
        0.010522797,
        0.009431947000000001
      ],
      "exit_codes": [
        0,
        0,
        0,
        0,
        0,
        0,
        0,
        0,
        0,
        0,
        0,
        0,
        0,
        0,
        0,
        0,
        0,
        0,
        0,
        0,
        0,
        0,
        0,
        0,
        0,
        0,
        0,
        0,
        0,
        0,
        0,
        0,
        0,
        0,
        0,
        0,
        0,
        0,
        0,
        0,
        0,
        0,
        0,
        0,
        0,
        0,
        0,
        0,
        0,
        0,
        0,
        0,
        0,
        0,
        0,
        0,
        0,
        0,
        0,
        0,
        0,
        0,
        0,
        0,
        0,
        0,
        0,
        0,
        0,
        0,
        0,
        0,
        0,
        0,
        0,
        0,
        0,
        0,
        0,
        0,
        0,
        0,
        0,
        0,
        0,
        0,
        0,
        0,
        0,
        0,
        0,
        0,
        0,
        0,
        0,
        0,
        0,
        0,
        0,
        0
      ]
    }
  ]
}
