{
  "results": [
    {
      "command": "./default 1000000",
      "mean": 0.051098398470000014,
      "stddev": 0.0015869894734770037,
      "median": 0.050967924,
      "user": 0.04038797000000001,
      "system": 0.010000469999999997,
      "min": 0.049134476,
      "max": 0.059328272,
      "times": [
        0.050151978,
        0.049753395000000006,
        0.049714421,
        0.050362585,
        0.050813597,
        0.052586817,
        0.051047048000000005,
        0.050015249000000005,
        0.050542075000000006,
        0.052390566000000006,
        0.051352085000000006,
        0.050851429000000004,
        0.049968080000000005,
        0.049822075,
        0.051462082000000006,
        0.050034426,
        0.052451051000000005,
        0.051356343000000006,
        0.050446333,
        0.050086715000000004,
        0.051251625,
        0.052305886,
        0.050381691000000006,
        0.051511727,
        0.051671999,
        0.050478965,
        0.052760294000000006,
        0.049981115000000007,
        0.049874253,
        0.051314814,
        0.051784661,
        0.051125246000000006,
        0.052069149,
        0.050290389000000005,
        0.051777598,
        0.050783060000000005,
        0.050493684000000004,
        0.05100546,
        0.050729319,
        0.049166196,
        0.051268086000000004,
        0.051375449000000004,
        0.052738063,
        0.051672551000000004,
        0.050179800000000004,
        0.051189958,
        0.04940676,
        0.049602099000000004,
        0.051314423000000005,
        0.049344002000000005,
        0.051365129,
        0.049181153000000005,
        0.051297201,
        0.051137248,
        0.052461391,
        0.052675594000000006,
        0.050987636,
        0.051111811,
        0.050668443,
        0.054038499000000004,
        0.049886446,
        0.049987106,
        0.050235886,
        0.049893810000000004,
        0.050086725000000006,
        0.049934236,
        0.050157639000000004,
        0.049144224,
        0.057774718,
        0.056025072,
        0.050108356,
        0.050603560000000006,
        0.049816865,
        0.049974833,
        0.050297763,
        0.049835210000000005,
        0.050005381,
        0.052854172000000005,
        0.052067346,
        0.051287312,
        0.052007313000000006,
        0.049830971,
        0.051602257000000006,
        0.050891374,
        0.051324353,
        0.049354551,
        0.050968881,
        0.059328272,
        0.052664865000000005,
        0.053825668,
        0.049134476,
        0.052322728000000006,
        0.050966967,
        0.051376231,
        0.04985172,
        0.051140715,
        0.049759807,
        0.051082165000000006,
        0.052469705000000005,
        0.050979391000000006
      ],
      "exit_codes": [
        0,
        0,
        0,
        0,
        0,
        0,
        0,
        0,
        0,
        0,
        0,
        0,
        0,
        0,
        0,
        0,
        0,
        0,
        0,
        0,
        0,
        0,
        0,
        0,
        0,
        0,
        0,
        0,
        0,
        0,
        0,
        0,
        0,
        0,
        0,
        0,
        0,
        0,
        0,
        0,
        0,
        0,
        0,
        0,
        0,
        0,
        0,
        0,
        0,
        0,
        0,
        0,
        0,
        0,
        0,
        0,
        0,
        0,
        0,
        0,
        0,
        0,
        0,
        0,
        0,
        0,
        0,
        0,
        0,
        0,
        0,
        0,
        0,
        0,
        0,
        0,
        0,
        0,
        0,
        0,
        0,
        0,
        0,
        0,
        0,
        0,
        0,
        0,
        0,
        0,
        0,
        0,
        0,
        0,
        0,
        0,
        0,
        0,
        0,
        0
      ]
    }
  ]
}
