{
  "results": [
    {
      "command": "./omp 100000 4",
      "mean": 0.00482763111,
      "stddev": 0.0006228094501581856,
      "median": 0.004700491500000001,
      "user": 0.003960910000000001,
      "system": 0.00251368,
      "min": 0.003698034,
      "max": 0.006610418000000001,
      "times": [
        0.004462863,
        0.004605663,
        0.004765013,
        0.004464867,
        0.004458585,
        0.004423179,
        0.005094883000000001,
        0.0050647470000000005,
        0.0046480720000000005,
        0.003748298,
        0.004578121,
        0.004511205,
        0.004350232,
        0.004948428,
        0.004291752,
        0.004432386,
        0.004460259,
        0.004767187,
        0.004069513,
        0.004687877,
        0.004530220000000001,
        0.004993843,
        0.006454484000000001,
        0.004558624000000001,
        0.004545569,
        0.004837539,
        0.006119523,
        0.0056397,
        0.004750736,
        0.004321628,
        0.004984507,
        0.004516345000000001,
        0.0043856780000000005,
        0.005090917,
        0.004887382,
        0.004185061,
        0.004099269,
        0.004757178,
        0.004867947,
        0.005066169000000001,
        0.004115069,
        0.006197640000000001,
        0.004401609,
        0.004850584000000001,
        0.004500184,
        0.004651579,
        0.004886051000000001,
        0.004515142000000001,
        0.004835786,
        0.004482641,
        0.0045503390000000005,
        0.004327689,
        0.004631432,
        0.004647050000000001,
        0.006083105,
        0.004876282,
        0.004690342,
        0.004891962000000001,
        0.004462433,
        0.004862035000000001,
        0.0058183770000000004,
        0.004770403,
        0.0043015300000000005,
        0.004797193,
        0.005483356,
        0.003925442,
        0.003940459,
        0.005197427,
        0.006424137000000001,
        0.004891090000000001,
        0.004266243,
        0.004071988,
        0.0055780940000000005,
        0.003698034,
        0.003744481,
        0.00442365,
        0.005247721,
        0.004701614000000001,
        0.004648794,
        0.005203629,
        0.004748242000000001,
        0.006610418000000001,
        0.004730687,
        0.005821261,
        0.005150519,
        0.006072204,
        0.00459338,
        0.004651319,
        0.004946705,
        0.004469235,
        0.005931299,
        0.006391806000000001,
        0.004712143,
        0.004902171,
        0.0045668290000000005,
        0.004457524,
        0.005016907,
        0.006409019,
        0.004864009000000001,
        0.004699369
      ],
      "exit_codes": [
        0,
        0,
        0,
        0,
        0,
        0,
        0,
        0,
        0,
        0,
        0,
        0,
        0,
        0,
        0,
        0,
        0,
        0,
        0,
        0,
        0,
        0,
        0,
        0,
        0,
        0,
        0,
        0,
        0,
        0,
        0,
        0,
        0,
        0,
        0,
        0,
        0,
        0,
        0,
        0,
        0,
        0,
        0,
        0,
        0,
        0,
        0,
        0,
        0,
        0,
        0,
        0,
        0,
        0,
        0,
        0,
        0,
        0,
        0,
        0,
        0,
        0,
        0,
        0,
        0,
        0,
        0,
        0,
        0,
        0,
        0,
        0,
        0,
        0,
        0,
        0,
        0,
        0,
        0,
        0,
        0,
        0,
        0,
        0,
        0,
        0,
        0,
        0,
        0,
        0,
        0,
        0,
        0,
        0,
        0,
        0,
        0,
        0,
        0,
        0
      ]
    }
  ]
}
