{
  "results": [
    {
      "command": "./omp 100000 3",
      "mean": 0.00535780777,
      "stddev": 0.0006963793207740119,
      "median": 0.0051656515,
      "user": 0.004660159999999999,
      "system": 0.0023926100000000007,
      "min": 0.004044015000000001,
      "max": 0.007425561000000001,
      "times": [
        0.006039081,
        0.004512978,
        0.005055449,
        0.005797807,
        0.006443483000000001,
        0.005534581,
        0.005171618,
        0.006111597000000001,
        0.004796472,
        0.005159685000000001,
        0.005499325,
        0.005258952,
        0.006517202000000001,
        0.005449632,
        0.004734234,
        0.005101115000000001,
        0.00682432,
        0.004569885,
        0.005839105000000001,
        0.005149676000000001,
        0.005632916,
        0.005968719000000001,
        0.006039262,
        0.0046859530000000005,
        0.0042551030000000005,
        0.006635605,
        0.005108589,
        0.0063384750000000005,
        0.004864179000000001,
        0.005122094000000001,
        0.004717362,
        0.0067623530000000005,
        0.006971708,
        0.007425561000000001,
        0.004524519,
        0.004242429000000001,
        0.004581297000000001,
        0.004948588,
        0.005251698,
        0.004917429,
        0.005930777000000001,
        0.005616656,
        0.005735199000000001,
        0.005190102,
        0.004510213,
        0.0049570230000000005,
        0.005072521,
        0.004895939,
        0.005700754000000001,
        0.0058993480000000004,
        0.006352441,
        0.0050814480000000006,
        0.004800249,
        0.006506462,
        0.00509839,
        0.005110273,
        0.004687777000000001,
        0.005139818,
        0.005952247000000001,
        0.005243714,
        0.004963276,
        0.005185334000000001,
        0.005668253000000001,
        0.004883725,
        0.004874549000000001,
        0.006121246,
        0.0055622530000000005,
        0.00482709,
        0.005011807,
        0.005450142000000001,
        0.006344567000000001,
        0.005397453,
        0.005666821000000001,
        0.004817672,
        0.004658221000000001,
        0.004898473,
        0.004801622,
        0.004515473,
        0.006515007000000001,
        0.005139337,
        0.0055344520000000005,
        0.005939964000000001,
        0.0047654030000000005,
        0.004108917,
        0.005748654000000001,
        0.005281084,
        0.005905369000000001,
        0.006035334000000001,
        0.004863728,
        0.004804266000000001,
        0.00502454,
        0.004643754,
        0.005148845,
        0.0063819770000000005,
        0.005460171000000001,
        0.004044015000000001,
        0.0060022520000000005,
        0.005888558,
        0.004233352,
        0.004622434
      ],
      "exit_codes": [
        0,
        0,
        0,
        0,
        0,
        0,
        0,
        0,
        0,
        0,
        0,
        0,
        0,
        0,
        0,
        0,
        0,
        0,
        0,
        0,
        0,
        0,
        0,
        0,
        0,
        0,
        0,
        0,
        0,
        0,
        0,
        0,
        0,
        0,
        0,
        0,
        0,
        0,
        0,
        0,
        0,
        0,
        0,
        0,
        0,
        0,
        0,
        0,
        0,
        0,
        0,
        0,
        0,
        0,
        0,
        0,
        0,
        0,
        0,
        0,
        0,
        0,
        0,
        0,
        0,
        0,
        0,
        0,
        0,
        0,
        0,
        0,
        0,
        0,
        0,
        0,
        0,
        0,
        0,
        0,
        0,
        0,
        0,
        0,
        0,
        0,
        0,
        0,
        0,
        0,
        0,
        0,
        0,
        0,
        0,
        0,
        0,
        0,
        0,
        0
      ]
    }
  ]
}
