{
  "results": [
    {
      "command": "./omp 100000 2",
      "mean": 0.005946716240000002,
      "stddev": 0.0009723333473924756,
      "median": 0.0056600520000000005,
      "user": 0.00483565,
      "system": 0.0023401099999999994,
      "min": 0.004336775,
      "max": 0.00825844,
      "times": [
        0.006976064000000001,
        0.0076640200000000006,
        0.006299661000000001,
        0.007485534,
        0.006624743000000001,
        0.0067003850000000005,
        0.005939293,
        0.005192417,
        0.006023942,
        0.006335589,
        0.007205176000000001,
        0.004367784,
        0.0056585540000000005,
        0.005259703,
        0.006448632,
        0.007894143000000001,
        0.007161494,
        0.004821367,
        0.005753664,
        0.006431900000000001,
        0.00537517,
        0.007086834,
        0.008170484,
        0.005366714000000001,
        0.005246819000000001,
        0.005553967,
        0.005810691000000001,
        0.005859312,
        0.004380668,
        0.0055653890000000004,
        0.005469188000000001,
        0.006416361000000001,
        0.0069206910000000005,
        0.00825844,
        0.006068657000000001,
        0.0076054700000000005,
        0.005460091,
        0.007609197000000001,
        0.005393876000000001,
        0.0044250520000000005,
        0.007085651,
        0.005766187000000001,
        0.0063091300000000005,
        0.0069154,
        0.004940943000000001,
        0.005593431,
        0.006534764,
        0.007655805000000001,
        0.00546504,
        0.004740806,
        0.004617304,
        0.0050077690000000005,
        0.006199984,
        0.005649908,
        0.005528118,
        0.0056615500000000004,
        0.005454249,
        0.0055315450000000006,
        0.0056577730000000005,
        0.004446371,
        0.004807121,
        0.006900563,
        0.005267127,
        0.004582088000000001,
        0.004894626,
        0.005410296,
        0.005548577000000001,
        0.005482362,
        0.005350614,
        0.0056472630000000005,
        0.004336775,
        0.006359424000000001,
        0.006634061,
        0.0046637810000000005,
        0.0058970030000000005,
        0.00539609,
        0.0049035730000000005,
        0.004810087,
        0.005457005,
        0.007059813000000001,
        0.007032611,
        0.008127303,
        0.006039812,
        0.005127945,
        0.00556567,
        0.006052095,
        0.004615951,
        0.006293600000000001,
        0.006646745000000001,
        0.006212798,
        0.00468917,
        0.007511162,
        0.005359180000000001,
        0.005653574000000001,
        0.006245329,
        0.0056410110000000005,
        0.007855671,
        0.005693049,
        0.005340685,
        0.00651115
      ],
      "exit_codes": [
        0,
        0,
        0,
        0,
        0,
        0,
        0,
        0,
        0,
        0,
        0,
        0,
        0,
        0,
        0,
        0,
        0,
        0,
        0,
        0,
        0,
        0,
        0,
        0,
        0,
        0,
        0,
        0,
        0,
        0,
        0,
        0,
        0,
        0,
        0,
        0,
        0,
        0,
        0,
        0,
        0,
        0,
        0,
        0,
        0,
        0,
        0,
        0,
        0,
        0,
        0,
        0,
        0,
        0,
        0,
        0,
        0,
        0,
        0,
        0,
        0,
        0,
        0,
        0,
        0,
        0,
        0,
        0,
        0,
        0,
        0,
        0,
        0,
        0,
        0,
        0,
        0,
        0,
        0,
        0,
        0,
        0,
        0,
        0,
        0,
        0,
        0,
        0,
        0,
        0,
        0,
        0,
        0,
        0,
        0,
        0,
        0,
        0,
        0,
        0
      ]
    }
  ]
}
