{
  "results": [
    {
      "command": "./omp 100000 8",
      "mean": 0.00457889961,
      "stddev": 0.0004511747426242281,
      "median": 0.004534791,
      "user": 0.005259350000000001,
      "system": 0.00248989,
      "min": 0.003765361,
      "max": 0.006211207000000001,
      "times": [
        0.004787887,
        0.00424268,
        0.0049862100000000005,
        0.004984578,
        0.004442407000000001,
        0.0054020940000000005,
        0.004955814,
        0.003949398000000001,
        0.004633626,
        0.004701805,
        0.004702185,
        0.004408764,
        0.005526488,
        0.0042467880000000005,
        0.0041568790000000005,
        0.005058687,
        0.004710701,
        0.004903875,
        0.004718667,
        0.004356004,
        0.005470142000000001,
        0.004626122,
        0.004617406,
        0.004531605,
        0.0043404640000000005,
        0.003765361,
        0.004505796,
        0.004201993,
        0.004291973,
        0.004541323,
        0.004020081,
        0.004821491000000001,
        0.003831526,
        0.004180353,
        0.005154908000000001,
        0.004899788,
        0.003917548,
        0.004343560000000001,
        0.004440322,
        0.004063573,
        0.004670115000000001,
        0.004489596,
        0.004529921,
        0.004450672,
        0.004607216,
        0.004693028,
        0.003952664,
        0.004256887,
        0.006211207000000001,
        0.0045080300000000005,
        0.004752711000000001,
        0.00556975,
        0.004894388,
        0.0043509840000000004,
        0.00468332,
        0.003994092,
        0.005508174,
        0.004196002,
        0.005458059,
        0.0046174760000000006,
        0.0044113880000000005,
        0.004086055,
        0.004016594,
        0.004888838,
        0.004866705000000001,
        0.0038078810000000004,
        0.0047957320000000005,
        0.004480188,
        0.005522961000000001,
        0.0049112900000000004,
        0.004355162,
        0.005064008,
        0.004861245,
        0.005357981,
        0.0044104570000000004,
        0.0047827780000000005,
        0.0041964640000000004,
        0.004539059000000001,
        0.004176445,
        0.004019049,
        0.003891368,
        0.004328412,
        0.004213856,
        0.0043923930000000005,
        0.004252789,
        0.004847049,
        0.004409024,
        0.004152540000000001,
        0.0045461220000000005,
        0.004847469,
        0.005003915,
        0.004831729,
        0.004452085000000001,
        0.004450632,
        0.004601226,
        0.004272696,
        0.004644107000000001,
        0.004537977,
        0.004920647,
        0.003908481
      ],
      "exit_codes": [
        0,
        0,
        0,
        0,
        0,
        0,
        0,
        0,
        0,
        0,
        0,
        0,
        0,
        0,
        0,
        0,
        0,
        0,
        0,
        0,
        0,
        0,
        0,
        0,
        0,
        0,
        0,
        0,
        0,
        0,
        0,
        0,
        0,
        0,
        0,
        0,
        0,
        0,
        0,
        0,
        0,
        0,
        0,
        0,
        0,
        0,
        0,
        0,
        0,
        0,
        0,
        0,
        0,
        0,
        0,
        0,
        0,
        0,
        0,
        0,
        0,
        0,
        0,
        0,
        0,
        0,
        0,
        0,
        0,
        0,
        0,
        0,
        0,
        0,
        0,
        0,
        0,
        0,
        0,
        0,
        0,
        0,
        0,
        0,
        0,
        0,
        0,
        0,
        0,
        0,
        0,
        0,
        0,
        0,
        0,
        0,
        0,
        0,
        0,
        0
      ]
    }
  ]
}
