{
  "results": [
    {
      "command": "./omp 100000 5",
      "mean": 0.00458778423,
      "stddev": 0.00039509046545303534,
      "median": 0.004484409500000001,
      "user": 0.00408624,
      "system": 0.0023309999999999997,
      "min": 0.0039015770000000003,
      "max": 0.005972076000000001,
      "times": [
        0.005322493,
        0.005113169000000001,
        0.004393193,
        0.0043026520000000006,
        0.004319054,
        0.004291241,
        0.0044696070000000004,
        0.004624879,
        0.004315777000000001,
        0.004270432,
        0.005113169000000001,
        0.0051025390000000006,
        0.004568363000000001,
        0.0043446710000000005,
        0.00423762,
        0.004799658,
        0.0043212070000000005,
        0.004621102,
        0.004397301,
        0.004499212000000001,
        0.004287814,
        0.005972076000000001,
        0.0047810330000000005,
        0.0044516420000000004,
        0.004356294,
        0.0042324500000000004,
        0.004818444000000001,
        0.004698698,
        0.004266484,
        0.004122523,
        0.004022746000000001,
        0.004890259,
        0.0049008490000000005,
        0.004416266,
        0.004214837,
        0.0053343850000000005,
        0.004267686000000001,
        0.004044726,
        0.005027648,
        0.0047226740000000005,
        0.00474197,
        0.004522246000000001,
        0.005660409,
        0.004829404000000001,
        0.004808365,
        0.004246206000000001,
        0.004539539,
        0.005869362,
        0.005141692000000001,
        0.005341959,
        0.004190501,
        0.004598019,
        0.004678460000000001,
        0.0045154340000000005,
        0.0043487890000000005,
        0.004171656,
        0.004763440000000001,
        0.0039015770000000003,
        0.004318052,
        0.0044020890000000005,
        0.0049111580000000005,
        0.004325375,
        0.004350182,
        0.004448798,
        0.004767407,
        0.004522496,
        0.004345413,
        0.004421737,
        0.00434366,
        0.004710149,
        0.004934422,
        0.005508454,
        0.00439174,
        0.004217963,
        0.004701142,
        0.004439761,
        0.004304776000000001,
        0.004566339,
        0.0043518260000000005,
        0.004782045,
        0.004544758,
        0.004421927,
        0.004525693,
        0.004400236,
        0.004292514,
        0.004508150000000001,
        0.005025904,
        0.004408121,
        0.004260243,
        0.0043417560000000004,
        0.004297022,
        0.0050988710000000005,
        0.004324513,
        0.004975119,
        0.005094273000000001,
        0.004507668,
        0.004559897,
        0.004161406,
        0.004899547000000001,
        0.00393992
      ],
      "exit_codes": [
        0,
        0,
        0,
        0,
        0,
        0,
        0,
        0,
        0,
        0,
        0,
        0,
        0,
        0,
        0,
        0,
        0,
        0,
        0,
        0,
        0,
        0,
        0,
        0,
        0,
        0,
        0,
        0,
        0,
        0,
        0,
        0,
        0,
        0,
        0,
        0,
        0,
        0,
        0,
        0,
        0,
        0,
        0,
        0,
        0,
        0,
        0,
        0,
        0,
        0,
        0,
        0,
        0,
        0,
        0,
        0,
        0,
        0,
        0,
        0,
        0,
        0,
        0,
        0,
        0,
        0,
        0,
        0,
        0,
        0,
        0,
        0,
        0,
        0,
        0,
        0,
        0,
        0,
        0,
        0,
        0,
        0,
        0,
        0,
        0,
        0,
        0,
        0,
        0,
        0,
        0,
        0,
        0,
        0,
        0,
        0,
        0,
        0,
        0,
        0
      ]
    }
  ]
}
