{
  "results": [
    {
      "command": "./omp 100000 7",
      "mean": 0.004420819560000001,
      "stddev": 0.0004086662615867616,
      "median": 0.0043197,
      "user": 0.003815340000000001,
      "system": 0.00253878,
      "min": 0.003719786,
      "max": 0.006074801,
      "times": [
        0.004720510000000001,
        0.004388956,
        0.004136881,
        0.0050790950000000005,
        0.0055377790000000005,
        0.004638215,
        0.004139787000000001,
        0.004048465,
        0.00482107,
        0.004312131,
        0.004224986,
        0.004516585,
        0.003995535000000001,
        0.00494846,
        0.004654526,
        0.0041583110000000005,
        0.004569615,
        0.0046756260000000004,
        0.004612166,
        0.0041014450000000004,
        0.004352176,
        0.004839464,
        0.0040679110000000004,
        0.004202314,
        0.00434365,
        0.004835647,
        0.004980620000000001,
        0.003994283,
        0.004155455000000001,
        0.004430964,
        0.0042739480000000005,
        0.004206932,
        0.004701164,
        0.0042620060000000005,
        0.004007507,
        0.004624539,
        0.005398487,
        0.004231589,
        0.00440707,
        0.0041597940000000005,
        0.004551141,
        0.004127673,
        0.004345783000000001,
        0.005696869,
        0.0042902700000000005,
        0.004893396,
        0.00390786,
        0.004055087000000001,
        0.003961942,
        0.004074754,
        0.00465677,
        0.0042608640000000005,
        0.005079536,
        0.004728755,
        0.004468325,
        0.004011355,
        0.0045408010000000006,
        0.004382302,
        0.004036672,
        0.004151719,
        0.004273659,
        0.004762279,
        0.004281383000000001,
        0.004453618,
        0.003961411000000001,
        0.00401402,
        0.004347577,
        0.0046657470000000005,
        0.0043224100000000005,
        0.004111613,
        0.0042659840000000004,
        0.004196373000000001,
        0.0044664710000000005,
        0.00535796,
        0.004310507,
        0.00535807,
        0.004069374000000001,
        0.004435002,
        0.004047443,
        0.004625401,
        0.003920463,
        0.00416851,
        0.004320446,
        0.003719786,
        0.006074801,
        0.004436906,
        0.004553095,
        0.0045383260000000005,
        0.004303104,
        0.004173891,
        0.004571028,
        0.004175463,
        0.004142111,
        0.004227221000000001,
        0.003919652,
        0.004424803000000001,
        0.004318954,
        0.0041983260000000005,
        0.004488764,
        0.004102466
      ],
      "exit_codes": [
        0,
        0,
        0,
        0,
        0,
        0,
        0,
        0,
        0,
        0,
        0,
        0,
        0,
        0,
        0,
        0,
        0,
        0,
        0,
        0,
        0,
        0,
        0,
        0,
        0,
        0,
        0,
        0,
        0,
        0,
        0,
        0,
        0,
        0,
        0,
        0,
        0,
        0,
        0,
        0,
        0,
        0,
        0,
        0,
        0,
        0,
        0,
        0,
        0,
        0,
        0,
        0,
        0,
        0,
        0,
        0,
        0,
        0,
        0,
        0,
        0,
        0,
        0,
        0,
        0,
        0,
        0,
        0,
        0,
        0,
        0,
        0,
        0,
        0,
        0,
        0,
        0,
        0,
        0,
        0,
        0,
        0,
        0,
        0,
        0,
        0,
        0,
        0,
        0,
        0,
        0,
        0,
        0,
        0,
        0,
        0,
        0,
        0,
        0,
        0
      ]
    }
  ]
}
