{
  "results": [
    {
      "command": "./omp 100000 6",
      "mean": 0.004418266640000001,
      "stddev": 0.0003535545126017502,
      "median": 0.004344246,
      "user": 0.004049020000000001,
      "system": 0.00206784,
      "min": 0.0039269660000000005,
      "max": 0.006157986000000001,
      "times": [
        0.004339362,
        0.004905579,
        0.004755416,
        0.004223343,
        0.006157986000000001,
        0.0047492540000000005,
        0.004382584,
        0.004022696,
        0.004370000000000001,
        0.004367215000000001,
        0.004242439000000001,
        0.004268539,
        0.004252989,
        0.004553475,
        0.0039684030000000006,
        0.00450301,
        0.004335264,
        0.0039269660000000005,
        0.004617095,
        0.0042375500000000005,
        0.004429551,
        0.0047707240000000005,
        0.004243431000000001,
        0.0042282430000000005,
        0.004411789,
        0.0042849590000000005,
        0.0042071930000000006,
        0.004166757,
        0.004534499,
        0.004031271,
        0.004408302,
        0.004256986,
        0.004351484,
        0.004314115,
        0.004027445,
        0.004369268,
        0.004366523000000001,
        0.003993871,
        0.004724838,
        0.004811551000000001,
        0.004384807,
        0.004485146000000001,
        0.004402381,
        0.0040130470000000005,
        0.004401248,
        0.004259953,
        0.004272476,
        0.004137061,
        0.004201693,
        0.004480818,
        0.0056794060000000006,
        0.0045954030000000005,
        0.0055497310000000005,
        0.0040084890000000005,
        0.0043330700000000005,
        0.004522026,
        0.005052494,
        0.004421707,
        0.00456099,
        0.004104109,
        0.004199598000000001,
        0.004928792,
        0.004159432,
        0.0045342690000000005,
        0.0044084120000000004,
        0.004207133,
        0.004749865000000001,
        0.00423734,
        0.004206872,
        0.004048082000000001,
        0.004722654000000001,
        0.004312201,
        0.004139836,
        0.004645649,
        0.0044379070000000005,
        0.004255895,
        0.004186103,
        0.00417379,
        0.0043491300000000005,
        0.004170043,
        0.004124918,
        0.004123506,
        0.0043892160000000005,
        0.005179784000000001,
        0.0044438080000000005,
        0.0047556460000000005,
        0.004474406,
        0.004297342,
        0.004522817,
        0.0043077820000000005,
        0.005026737000000001,
        0.004312351,
        0.004229816,
        0.003983171000000001,
        0.0045282280000000005,
        0.004828513,
        0.004227331,
        0.0042362680000000005,
        0.004500284,
        0.004283717
      ],
      "exit_codes": [
        0,
        0,
        0,
        0,
        0,
        0,
        0,
        0,
        0,
        0,
        0,
        0,
        0,
        0,
        0,
        0,
        0,
        0,
        0,
        0,
        0,
        0,
        0,
        0,
        0,
        0,
        0,
        0,
        0,
        0,
        0,
        0,
        0,
        0,
        0,
        0,
        0,
        0,
        0,
        0,
        0,
        0,
        0,
        0,
        0,
        0,
        0,
        0,
        0,
        0,
        0,
        0,
        0,
        0,
        0,
        0,
        0,
        0,
        0,
        0,
        0,
        0,
        0,
        0,
        0,
        0,
        0,
        0,
        0,
        0,
        0,
        0,
        0,
        0,
        0,
        0,
        0,
        0,
        0,
        0,
        0,
        0,
        0,
        0,
        0,
        0,
        0,
        0,
        0,
        0,
        0,
        0,
        0,
        0,
        0,
        0,
        0,
        0,
        0,
        0
      ]
    }
  ]
}
