{
  "results": [
    {
      "command": "./omp 100000 1",
      "mean": 0.005466614880000001,
      "stddev": 0.0006953782310624784,
      "median": 0.005453442500000001,
      "user": 0.0025212,
      "system": 0.00268285,
      "min": 0.00449892,
      "max": 0.0075422910000000004,
      "times": [
        0.00580022,
        0.006844757000000001,
        0.004979886,
        0.006381384,
        0.0057781180000000005,
        0.006348863000000001,
        0.005605374000000001,
        0.005334834,
        0.005380790000000001,
        0.006646473000000001,
        0.005885961,
        0.006261228000000001,
        0.005725991000000001,
        0.004606173,
        0.005599652,
        0.005856105,
        0.006396513,
        0.005388585,
        0.005971022,
        0.004799726000000001,
        0.004712021,
        0.004762877,
        0.004687926,
        0.005939191000000001,
        0.0063028070000000005,
        0.004702393,
        0.0059567940000000005,
        0.006184644,
        0.005684072,
        0.004620339,
        0.004771223000000001,
        0.005220128,
        0.005049907,
        0.0060472650000000005,
        0.005656349000000001,
        0.004692695,
        0.006386244,
        0.005152632000000001,
        0.004599359,
        0.006394489000000001,
        0.004602906,
        0.0062407090000000005,
        0.004679119000000001,
        0.006317264,
        0.0054222590000000005,
        0.004718043,
        0.005531063,
        0.004676956,
        0.006108761000000001,
        0.005740858000000001,
        0.0053092470000000004,
        0.004866783,
        0.005202615000000001,
        0.005149736,
        0.004733342000000001,
        0.004499922,
        0.004632021,
        0.00613947,
        0.005922481,
        0.0063959310000000005,
        0.004773437,
        0.005770243,
        0.005484626,
        0.004622112,
        0.00493957,
        0.0045713360000000005,
        0.004694318,
        0.00590626,
        0.005755566,
        0.0058834560000000004,
        0.006536938000000001,
        0.005125991000000001,
        0.004694167,
        0.004649444,
        0.004639665,
        0.006111216,
        0.0060198940000000005,
        0.005668302,
        0.005563364,
        0.004637932,
        0.005124358000000001,
        0.0058585500000000006,
        0.00668191,
        0.006165558000000001,
        0.004620018,
        0.006135281,
        0.004955299000000001,
        0.0046194470000000005,
        0.0066060680000000005,
        0.0075422910000000004,
        0.0052114810000000004,
        0.004652740000000001,
        0.005017927,
        0.005522988,
        0.00449892,
        0.0046794900000000006,
        0.006461826,
        0.005502499,
        0.005365321,
        0.005387183
      ],
      "exit_codes": [
        0,
        0,
        0,
        0,
        0,
        0,
        0,
        0,
        0,
        0,
        0,
        0,
        0,
        0,
        0,
        0,
        0,
        0,
        0,
        0,
        0,
        0,
        0,
        0,
        0,
        0,
        0,
        0,
        0,
        0,
        0,
        0,
        0,
        0,
        0,
        0,
        0,
        0,
        0,
        0,
        0,
        0,
        0,
        0,
        0,
        0,
        0,
        0,
        0,
        0,
        0,
        0,
        0,
        0,
        0,
        0,
        0,
        0,
        0,
        0,
        0,
        0,
        0,
        0,
        0,
        0,
        0,
        0,
        0,
        0,
        0,
        0,
        0,
        0,
        0,
        0,
        0,
        0,
        0,
        0,
        0,
        0,
        0,
        0,
        0,
        0,
        0,
        0,
        0,
        0,
        0,
        0,
        0,
        0,
        0,
        0,
        0,
        0,
        0,
        0
      ]
    }
  ]
}
